DROP TABLE TEMPS;

CREATE TABLE TEMPS (TID Numeric(4), annee Numeric(4), trimestre Numeric(2),mois Numeric(2), jour Numeric(2));

INSERT INTO TEMPS VALUES (1,2009,3,7,4);
INSERT INTO TEMPS VALUES (2,2009,3,7,5);
INSERT INTO TEMPS VALUES (3,2009,3,7,6);
INSERT INTO TEMPS VALUES (4,2009,3,7,7);
INSERT INTO TEMPS VALUES (5,2009,3,7,9);
INSERT INTO TEMPS VALUES (6,2009,3,7,10);
INSERT INTO TEMPS VALUES (7,2009,3,7,11);
INSERT INTO TEMPS VALUES (8,2009,3,7,12);
INSERT INTO TEMPS VALUES (9,2009,3,7,15);
INSERT INTO TEMPS VALUES (10,2009,3,7,16);
INSERT INTO TEMPS VALUES (11,2009,3,7,17);
INSERT INTO TEMPS VALUES (12,2009,3,7,18);
INSERT INTO TEMPS VALUES (13,2009,3,7,19);
INSERT INTO TEMPS VALUES (14,2009,3,7,20);
INSERT INTO TEMPS VALUES (15,2009,3,7,22);
INSERT INTO TEMPS VALUES (16,2009,3,7,23);
INSERT INTO TEMPS VALUES (17,2009,3,7,24);
INSERT INTO TEMPS VALUES (18,2009,3,7,25);
INSERT INTO TEMPS VALUES (19,2009,3,7,26);
INSERT INTO TEMPS VALUES (20,2009,3,7,29);
INSERT INTO TEMPS VALUES (21,2009,3,7,30);
INSERT INTO TEMPS VALUES (22,2009,3,7,31);
INSERT INTO TEMPS VALUES (23,2009,3,8,1);
INSERT INTO TEMPS VALUES (24,2009,3,8,3);
INSERT INTO TEMPS VALUES (25,2009,3,8,2);
INSERT INTO TEMPS VALUES (26,2009,3,8,5);
INSERT INTO TEMPS VALUES (27,2009,3,8,6);
INSERT INTO TEMPS VALUES (28,2009,3,8,7);
INSERT INTO TEMPS VALUES (29,2009,3,8,8);
INSERT INTO TEMPS VALUES (30,2009,3,8,9);
INSERT INTO TEMPS VALUES (31,2009,3,8,12);
INSERT INTO TEMPS VALUES (32,2009,3,8,13);
INSERT INTO TEMPS VALUES (33,2009,3,8,10);
INSERT INTO TEMPS VALUES (34,2009,3,8,14);
INSERT INTO TEMPS VALUES (35,2009,3,8,15);
INSERT INTO TEMPS VALUES (36,2009,3,8,16);
INSERT INTO TEMPS VALUES (37,2009,3,8,19);
INSERT INTO TEMPS VALUES (38,2009,3,8,20);
INSERT INTO TEMPS VALUES (39,2009,3,8,21);
INSERT INTO TEMPS VALUES (40,2009,3,8,22);
INSERT INTO TEMPS VALUES (41,2009,3,8,23);
INSERT INTO TEMPS VALUES (42,2009,3,8,26);
INSERT INTO TEMPS VALUES (43,2009,3,8,25);
INSERT INTO TEMPS VALUES (44,2009,3,8,27);
INSERT INTO TEMPS VALUES (45,2009,3,8,28);
INSERT INTO TEMPS VALUES (46,2009,3,8,29);
INSERT INTO TEMPS VALUES (47,2009,3,8,30);
INSERT INTO TEMPS VALUES (48,2009,3,9,2);
INSERT INTO TEMPS VALUES (49,2009,3,9,3);
INSERT INTO TEMPS VALUES (50,2009,3,9,4);
INSERT INTO TEMPS VALUES (51,2009,3,9,5);
INSERT INTO TEMPS VALUES (52,2009,3,9,6);
INSERT INTO TEMPS VALUES (53,2009,3,9,7);
INSERT INTO TEMPS VALUES (54,2009,3,9,9);
INSERT INTO TEMPS VALUES (55,2009,3,9,10);
INSERT INTO TEMPS VALUES (56,2009,3,9,11);
INSERT INTO TEMPS VALUES (57,2009,3,9,12);
INSERT INTO TEMPS VALUES (58,2009,3,9,13);
INSERT INTO TEMPS VALUES (59,2009,3,9,16);
INSERT INTO TEMPS VALUES (60,2009,3,9,17);
INSERT INTO TEMPS VALUES (61,2009,3,9,18);
INSERT INTO TEMPS VALUES (62,2009,3,9,19);
INSERT INTO TEMPS VALUES (63,2009,3,9,20);
INSERT INTO TEMPS VALUES (64,2009,3,9,21);
INSERT INTO TEMPS VALUES (65,2009,3,9,23);
INSERT INTO TEMPS VALUES (66,2009,3,9,24);
INSERT INTO TEMPS VALUES (67,2009,3,9,25);
INSERT INTO TEMPS VALUES (68,2009,3,9,26);
INSERT INTO TEMPS VALUES (69,2009,3,9,27);
INSERT INTO TEMPS VALUES (70,2009,3,9,30);
INSERT INTO TEMPS VALUES (71,2009,4,10,1);
INSERT INTO TEMPS VALUES (72,2009,4,10,2);
INSERT INTO TEMPS VALUES (73,2009,4,10,3);
INSERT INTO TEMPS VALUES (74,2009,4,10,5);
INSERT INTO TEMPS VALUES (75,2009,4,10,4);
INSERT INTO TEMPS VALUES (76,2009,4,10,7);
INSERT INTO TEMPS VALUES (77,2009,4,10,8);
INSERT INTO TEMPS VALUES (78,2009,4,10,9);
INSERT INTO TEMPS VALUES (79,2009,4,10,10);
INSERT INTO TEMPS VALUES (80,2009,4,10,11);
INSERT INTO TEMPS VALUES (81,2009,4,10,14);
INSERT INTO TEMPS VALUES (82,2009,4,10,15);
INSERT INTO TEMPS VALUES (83,2009,4,10,16);
INSERT INTO TEMPS VALUES (84,2009,4,10,19);
INSERT INTO TEMPS VALUES (85,2009,4,10,17);
INSERT INTO TEMPS VALUES (86,2009,4,10,18);
INSERT INTO TEMPS VALUES (87,2009,4,10,21);
INSERT INTO TEMPS VALUES (88,2009,4,10,22);
INSERT INTO TEMPS VALUES (89,2009,4,10,23);
INSERT INTO TEMPS VALUES (90,2009,4,10,24);
INSERT INTO TEMPS VALUES (91,2009,4,10,25);
INSERT INTO TEMPS VALUES (92,2009,4,10,28);
INSERT INTO TEMPS VALUES (93,2009,4,10,29);
INSERT INTO TEMPS VALUES (94,2009,4,10,27);
INSERT INTO TEMPS VALUES (95,2009,4,10,30);
INSERT INTO TEMPS VALUES (96,2009,4,10,31);
INSERT INTO TEMPS VALUES (97,2009,4,11,1);
INSERT INTO TEMPS VALUES (98,2009,4,11,4);
INSERT INTO TEMPS VALUES (99,2009,4,11,5);
INSERT INTO TEMPS VALUES (100,2009,4,11,6);
INSERT INTO TEMPS VALUES (101,2009,4,11,7);
INSERT INTO TEMPS VALUES (102,2009,4,11,8);
INSERT INTO TEMPS VALUES (103,2009,4,11,10);
INSERT INTO TEMPS VALUES (104,2009,4,11,11);
INSERT INTO TEMPS VALUES (105,2009,4,11,12);
INSERT INTO TEMPS VALUES (106,2009,4,11,13);
INSERT INTO TEMPS VALUES (107,2009,4,11,14);
INSERT INTO TEMPS VALUES (108,2009,4,11,15);
INSERT INTO TEMPS VALUES (109,2009,4,11,18);
INSERT INTO TEMPS VALUES (110,2009,4,11,19);
INSERT INTO TEMPS VALUES (111,2009,4,11,20);
INSERT INTO TEMPS VALUES (112,2009,4,11,21);
INSERT INTO TEMPS VALUES (113,2009,4,11,22);
INSERT INTO TEMPS VALUES (114,2009,4,11,23);
INSERT INTO TEMPS VALUES (115,2009,4,11,25);
INSERT INTO TEMPS VALUES (116,2009,4,11,26);
INSERT INTO TEMPS VALUES (117,2009,4,11,24);
INSERT INTO TEMPS VALUES (118,2009,4,11,27);
INSERT INTO TEMPS VALUES (119,2009,4,11,28);
INSERT INTO TEMPS VALUES (120,2009,4,11,30);
INSERT INTO TEMPS VALUES (121,2009,4,11,29);
INSERT INTO TEMPS VALUES (122,2009,4,12,2);
INSERT INTO TEMPS VALUES (123,2009,4,12,1);
INSERT INTO TEMPS VALUES (124,2009,4,12,3);
INSERT INTO TEMPS VALUES (125,2009,4,12,4);
INSERT INTO TEMPS VALUES (126,2009,4,12,5);
INSERT INTO TEMPS VALUES (127,2009,4,12,7);
INSERT INTO TEMPS VALUES (128,2009,4,12,6);
INSERT INTO TEMPS VALUES (129,2009,4,12,8);
INSERT INTO TEMPS VALUES (130,2009,4,12,9);
INSERT INTO TEMPS VALUES (131,2009,4,12,10);
INSERT INTO TEMPS VALUES (132,2009,4,12,11);
INSERT INTO TEMPS VALUES (133,2009,4,12,12);
INSERT INTO TEMPS VALUES (134,2009,4,12,14);
INSERT INTO TEMPS VALUES (135,2009,4,12,13);
INSERT INTO TEMPS VALUES (136,2009,4,12,15);
INSERT INTO TEMPS VALUES (137,2009,4,12,16);
INSERT INTO TEMPS VALUES (138,2009,4,12,17);
INSERT INTO TEMPS VALUES (139,2009,4,12,18);
INSERT INTO TEMPS VALUES (140,2009,4,12,21);
INSERT INTO TEMPS VALUES (141,2009,4,12,19);
INSERT INTO TEMPS VALUES (142,2009,4,12,20);
INSERT INTO TEMPS VALUES (143,2009,4,12,22);
INSERT INTO TEMPS VALUES (144,2009,4,12,23);
INSERT INTO TEMPS VALUES (145,2009,4,12,24);
INSERT INTO TEMPS VALUES (146,2009,4,12,25);
INSERT INTO TEMPS VALUES (147,2009,4,12,26);
INSERT INTO TEMPS VALUES (148,2009,4,12,28);
INSERT INTO TEMPS VALUES (149,2009,4,12,27);
INSERT INTO TEMPS VALUES (150,2009,4,12,29);
INSERT INTO TEMPS VALUES (151,2009,4,12,30);
INSERT INTO TEMPS VALUES (152,2009,4,12,31);
INSERT INTO TEMPS VALUES (153,2010,1,1,1);
INSERT INTO TEMPS VALUES (154,2010,1,1,4);
INSERT INTO TEMPS VALUES (155,2010,1,1,2);
INSERT INTO TEMPS VALUES (156,2010,1,1,3);
INSERT INTO TEMPS VALUES (157,2010,1,1,5);
INSERT INTO TEMPS VALUES (158,2010,1,1,6);
INSERT INTO TEMPS VALUES (159,2010,1,1,7);
INSERT INTO TEMPS VALUES (160,2010,1,1,12);
INSERT INTO TEMPS VALUES (161,2010,1,1,8);
INSERT INTO TEMPS VALUES (162,2010,1,1,9);
INSERT INTO TEMPS VALUES (163,2010,1,1,10);
INSERT INTO TEMPS VALUES (164,2010,1,1,11);
INSERT INTO TEMPS VALUES (165,2010,1,1,13);
INSERT INTO TEMPS VALUES (166,2010,1,1,14);
INSERT INTO TEMPS VALUES (167,2010,1,1,18);
INSERT INTO TEMPS VALUES (168,2010,1,1,15);
INSERT INTO TEMPS VALUES (169,2010,1,1,16);
INSERT INTO TEMPS VALUES (170,2010,1,1,19);
INSERT INTO TEMPS VALUES (171,2010,1,1,17);
INSERT INTO TEMPS VALUES (172,2010,1,1,20);
INSERT INTO TEMPS VALUES (173,2010,1,1,21);
INSERT INTO TEMPS VALUES (174,2010,1,1,25);
INSERT INTO TEMPS VALUES (175,2010,1,1,22);
INSERT INTO TEMPS VALUES (176,2010,1,1,23);
INSERT INTO TEMPS VALUES (177,2010,1,1,26);
INSERT INTO TEMPS VALUES (178,2010,1,1,24);
INSERT INTO TEMPS VALUES (179,2010,1,1,27);
INSERT INTO TEMPS VALUES (181,2010,1,1,28);
INSERT INTO TEMPS VALUES (182,2010,1,1,29);
INSERT INTO TEMPS VALUES (184,2010,1,1,30);
INSERT INTO TEMPS VALUES (185,2010,1,1,31);
INSERT INTO TEMPS VALUES (186,2010,1,2,1);
INSERT INTO TEMPS VALUES (187,2010,1,2,3);
INSERT INTO TEMPS VALUES (188,2010,1,2,4);
INSERT INTO TEMPS VALUES (189,2010,1,2,5);
INSERT INTO TEMPS VALUES (190,2010,1,2,8);
INSERT INTO TEMPS VALUES (191,2010,1,2,6);
INSERT INTO TEMPS VALUES (192,2010,1,2,7);
INSERT INTO TEMPS VALUES (193,2010,1,2,9);
INSERT INTO TEMPS VALUES (194,2010,1,2,10);
INSERT INTO TEMPS VALUES (195,2010,1,2,11);
INSERT INTO TEMPS VALUES (196,2010,1,2,12);
INSERT INTO TEMPS VALUES (197,2010,1,2,15);
INSERT INTO TEMPS VALUES (198,2010,1,2,13);
INSERT INTO TEMPS VALUES (199,2010,1,2,14);
INSERT INTO TEMPS VALUES (200,2010,1,2,16);
INSERT INTO TEMPS VALUES (201,2010,1,2,17);
INSERT INTO TEMPS VALUES (202,2010,1,2,18);
INSERT INTO TEMPS VALUES (203,2010,1,2,19);
INSERT INTO TEMPS VALUES (204,2010,1,2,20);
INSERT INTO TEMPS VALUES (205,2010,1,2,21);
INSERT INTO TEMPS VALUES (206,2010,1,2,22);
INSERT INTO TEMPS VALUES (207,2010,1,2,23);
INSERT INTO TEMPS VALUES (208,2010,1,2,24);
INSERT INTO TEMPS VALUES (209,2010,1,2,25);
INSERT INTO TEMPS VALUES (210,2010,1,2,26);
INSERT INTO TEMPS VALUES (211,2010,1,2,27);
INSERT INTO TEMPS VALUES (212,2010,1,2,28);
INSERT INTO TEMPS VALUES (215,2010,1,3,1);
INSERT INTO TEMPS VALUES (216,2010,1,3,2);
INSERT INTO TEMPS VALUES (217,2010,1,3,3);
INSERT INTO TEMPS VALUES (218,2010,1,3,4);
INSERT INTO TEMPS VALUES (219,2010,1,3,5);
INSERT INTO TEMPS VALUES (220,2010,1,3,6);
INSERT INTO TEMPS VALUES (221,2010,1,3,7);
INSERT INTO TEMPS VALUES (222,2010,1,3,8);
INSERT INTO TEMPS VALUES (223,2010,1,3,9);
INSERT INTO TEMPS VALUES (224,2010,1,3,10);
INSERT INTO TEMPS VALUES (225,2010,1,3,11);
INSERT INTO TEMPS VALUES (226,2010,1,3,12);
INSERT INTO TEMPS VALUES (227,2010,1,3,13);
INSERT INTO TEMPS VALUES (228,2010,1,3,14);
INSERT INTO TEMPS VALUES (229,2010,1,3,15);
INSERT INTO TEMPS VALUES (230,2010,1,3,16);
INSERT INTO TEMPS VALUES (231,2010,1,3,17);
INSERT INTO TEMPS VALUES (232,2010,1,3,18);
INSERT INTO TEMPS VALUES (233,2010,1,3,19);
INSERT INTO TEMPS VALUES (234,2010,1,3,20);
INSERT INTO TEMPS VALUES (235,2010,1,3,21);
INSERT INTO TEMPS VALUES (236,2010,1,3,22);
INSERT INTO TEMPS VALUES (237,2010,1,3,23);
INSERT INTO TEMPS VALUES (238,2010,1,3,24);
INSERT INTO TEMPS VALUES (239,2010,1,3,25);
INSERT INTO TEMPS VALUES (240,2010,1,3,26);
INSERT INTO TEMPS VALUES (241,2010,1,3,27);
INSERT INTO TEMPS VALUES (242,2010,1,3,28);
INSERT INTO TEMPS VALUES (243,2010,1,3,29);
INSERT INTO TEMPS VALUES (244,2010,1,3,30);
INSERT INTO TEMPS VALUES (245,2010,2,4,1);
INSERT INTO TEMPS VALUES (246,2010,2,4,2);
INSERT INTO TEMPS VALUES (247,2010,2,4,3);
INSERT INTO TEMPS VALUES (248,2010,2,4,4);
INSERT INTO TEMPS VALUES (249,2010,2,4,5);
INSERT INTO TEMPS VALUES (250,2010,2,4,6);
INSERT INTO TEMPS VALUES (251,2010,2,4,7);
INSERT INTO TEMPS VALUES (252,2010,2,4,8);
INSERT INTO TEMPS VALUES (253,2010,2,4,9);
INSERT INTO TEMPS VALUES (254,2010,2,4,10);
INSERT INTO TEMPS VALUES (255,2010,2,4,11);
INSERT INTO TEMPS VALUES (256,2010,2,4,12);
INSERT INTO TEMPS VALUES (257,2010,2,4,13);
INSERT INTO TEMPS VALUES (258,2010,2,4,14);
INSERT INTO TEMPS VALUES (259,2010,2,4,15);
INSERT INTO TEMPS VALUES (260,2010,2,4,16);
INSERT INTO TEMPS VALUES (261,2010,2,4,17);
INSERT INTO TEMPS VALUES (262,2010,2,4,18);
INSERT INTO TEMPS VALUES (263,2010,2,4,19);
INSERT INTO TEMPS VALUES (264,2010,2,4,20);
INSERT INTO TEMPS VALUES (265,2010,2,4,21);
INSERT INTO TEMPS VALUES (266,2010,2,4,22);
INSERT INTO TEMPS VALUES (267,2010,2,4,23);
INSERT INTO TEMPS VALUES (268,2010,2,4,24);
INSERT INTO TEMPS VALUES (269,2010,2,4,25);
INSERT INTO TEMPS VALUES (270,2010,2,4,26);
INSERT INTO TEMPS VALUES (271,2010,2,4,27);
INSERT INTO TEMPS VALUES (272,2010,2,4,28);
INSERT INTO TEMPS VALUES (273,2010,2,4,29);
INSERT INTO TEMPS VALUES (274,2010,2,4,30);
INSERT INTO TEMPS VALUES (276,2010,2,5,1);
INSERT INTO TEMPS VALUES (277,2010,2,5,2);
INSERT INTO TEMPS VALUES (278,2010,2,5,3);
INSERT INTO TEMPS VALUES (279,2010,2,5,4);
INSERT INTO TEMPS VALUES (280,2010,2,5,5);
INSERT INTO TEMPS VALUES (281,2010,2,5,6);
INSERT INTO TEMPS VALUES (282,2010,2,5,7);
INSERT INTO TEMPS VALUES (283,2010,2,5,8);
INSERT INTO TEMPS VALUES (284,2010,2,5,9);
INSERT INTO TEMPS VALUES (285,2010,2,5,10);
INSERT INTO TEMPS VALUES (286,2010,2,5,11);
INSERT INTO TEMPS VALUES (287,2010,2,5,12);
INSERT INTO TEMPS VALUES (288,2010,2,5,13);
INSERT INTO TEMPS VALUES (289,2010,2,5,14);
INSERT INTO TEMPS VALUES (290,2010,2,5,15);
INSERT INTO TEMPS VALUES (291,2010,2,5,16);
INSERT INTO TEMPS VALUES (292,2010,2,5,17);
INSERT INTO TEMPS VALUES (293,2010,2,5,18);
INSERT INTO TEMPS VALUES (294,2010,2,5,19);
INSERT INTO TEMPS VALUES (295,2010,2,5,20);
INSERT INTO TEMPS VALUES (296,2010,2,5,21);
INSERT INTO TEMPS VALUES (297,2010,2,5,22);
INSERT INTO TEMPS VALUES (298,2010,2,5,23);
INSERT INTO TEMPS VALUES (299,2010,2,5,24);
INSERT INTO TEMPS VALUES (300,2010,2,5,25);
INSERT INTO TEMPS VALUES (301,2010,2,5,26);
INSERT INTO TEMPS VALUES (302,2010,2,5,27);
INSERT INTO TEMPS VALUES (303,2010,2,5,28);
INSERT INTO TEMPS VALUES (304,2010,2,5,29);
INSERT INTO TEMPS VALUES (305,2010,2,5,30);
INSERT INTO TEMPS VALUES (306,2010,2,5,31);
INSERT INTO TEMPS VALUES (308,2010,2,6,1);
INSERT INTO TEMPS VALUES (309,2010,2,6,2);
INSERT INTO TEMPS VALUES (310,2010,2,6,3);
INSERT INTO TEMPS VALUES (311,2010,2,6,4);
INSERT INTO TEMPS VALUES (312,2010,2,6,5);
INSERT INTO TEMPS VALUES (313,2010,2,6,6);
INSERT INTO TEMPS VALUES (314,2010,2,6,7);
INSERT INTO TEMPS VALUES (315,2010,2,6,8);
INSERT INTO TEMPS VALUES (316,2010,2,6,9);
INSERT INTO TEMPS VALUES (317,2010,2,6,10);
INSERT INTO TEMPS VALUES (318,2010,2,6,11);
INSERT INTO TEMPS VALUES (319,2010,2,6,12);
INSERT INTO TEMPS VALUES (320,2010,2,6,13);
INSERT INTO TEMPS VALUES (321,2010,2,6,14);
INSERT INTO TEMPS VALUES (322,2010,2,6,15);
INSERT INTO TEMPS VALUES (323,2010,2,6,16);
INSERT INTO TEMPS VALUES (324,2010,2,6,17);
INSERT INTO TEMPS VALUES (325,2010,2,6,18);
INSERT INTO TEMPS VALUES (326,2010,2,6,19);
INSERT INTO TEMPS VALUES (327,2010,2,6,20);
INSERT INTO TEMPS VALUES (328,2010,2,6,21);
INSERT INTO TEMPS VALUES (329,2010,2,6,22);
INSERT INTO TEMPS VALUES (330,2010,2,6,23);
INSERT INTO TEMPS VALUES (331,2010,2,6,24);
INSERT INTO TEMPS VALUES (332,2010,2,6,25);
INSERT INTO TEMPS VALUES (333,2010,2,6,26);
INSERT INTO TEMPS VALUES (334,2010,2,6,27);
INSERT INTO TEMPS VALUES (335,2010,2,6,28);
INSERT INTO TEMPS VALUES (336,2010,2,6,29);
INSERT INTO TEMPS VALUES (337,2010,2,6,30);
INSERT INTO TEMPS VALUES (338,2010,3,7,1);
INSERT INTO TEMPS VALUES (339,2010,3,7,2);
INSERT INTO TEMPS VALUES (340,2010,3,7,3);
INSERT INTO TEMPS VALUES (341,2010,3,7,4);
INSERT INTO TEMPS VALUES (342,2010,3,7,5);
INSERT INTO TEMPS VALUES (343,2010,3,7,6);
INSERT INTO TEMPS VALUES (344,2010,3,7,7);
INSERT INTO TEMPS VALUES (345,2010,3,7,8);
INSERT INTO TEMPS VALUES (346,2010,3,7,9);
INSERT INTO TEMPS VALUES (347,2010,3,7,10);
INSERT INTO TEMPS VALUES (348,2010,3,7,11);
INSERT INTO TEMPS VALUES (349,2010,3,7,12);
INSERT INTO TEMPS VALUES (350,2010,3,7,13);
INSERT INTO TEMPS VALUES (351,2010,3,7,14);
INSERT INTO TEMPS VALUES (352,2010,3,7,15);
INSERT INTO TEMPS VALUES (353,2010,3,7,16);
INSERT INTO TEMPS VALUES (354,2010,3,7,17);
INSERT INTO TEMPS VALUES (355,2010,3,7,18);
INSERT INTO TEMPS VALUES (356,2010,3,7,19);
INSERT INTO TEMPS VALUES (357,2010,3,7,20);
INSERT INTO TEMPS VALUES (358,2010,3,7,21);
INSERT INTO TEMPS VALUES (359,2010,3,7,22);
INSERT INTO TEMPS VALUES (360,2010,3,7,23);
INSERT INTO TEMPS VALUES (361,2010,3,7,24);
INSERT INTO TEMPS VALUES (362,2010,3,7,25);
INSERT INTO TEMPS VALUES (363,2010,3,7,26);
INSERT INTO TEMPS VALUES (364,2010,3,7,27);
INSERT INTO TEMPS VALUES (365,2010,3,7,28);
INSERT INTO TEMPS VALUES (366,2010,3,7,29);
INSERT INTO TEMPS VALUES (367,2010,3,7,30);
INSERT INTO TEMPS VALUES (368,2010,3,7,31);
INSERT INTO TEMPS VALUES (371,2010,3,8,1);
INSERT INTO TEMPS VALUES (372,2010,3,8,2);
INSERT INTO TEMPS VALUES (373,2010,3,8,3);
INSERT INTO TEMPS VALUES (374,2010,3,8,4);
INSERT INTO TEMPS VALUES (375,2010,3,8,5);
INSERT INTO TEMPS VALUES (376,2010,3,8,6);
INSERT INTO TEMPS VALUES (377,2010,3,8,7);
INSERT INTO TEMPS VALUES (378,2010,3,8,8);
INSERT INTO TEMPS VALUES (379,2010,3,8,9);
INSERT INTO TEMPS VALUES (380,2010,3,8,10);
INSERT INTO TEMPS VALUES (381,2010,3,8,11);
INSERT INTO TEMPS VALUES (382,2010,3,8,12);
INSERT INTO TEMPS VALUES (383,2010,3,8,13);
INSERT INTO TEMPS VALUES (384,2010,3,8,14);
INSERT INTO TEMPS VALUES (385,2010,3,8,15);
INSERT INTO TEMPS VALUES (386,2010,3,8,16);
INSERT INTO TEMPS VALUES (387,2010,3,8,17);
INSERT INTO TEMPS VALUES (388,2010,3,8,18);
INSERT INTO TEMPS VALUES (389,2010,3,8,19);
INSERT INTO TEMPS VALUES (390,2010,3,8,20);
INSERT INTO TEMPS VALUES (391,2010,3,8,21);
INSERT INTO TEMPS VALUES (392,2010,3,8,22);
INSERT INTO TEMPS VALUES (393,2010,3,8,23);
INSERT INTO TEMPS VALUES (394,2010,3,8,24);
INSERT INTO TEMPS VALUES (395,2010,3,8,25);
INSERT INTO TEMPS VALUES (396,2010,3,8,26);
INSERT INTO TEMPS VALUES (397,2010,3,8,27);
INSERT INTO TEMPS VALUES (398,2010,3,8,28);
INSERT INTO TEMPS VALUES (399,2010,3,8,29);
INSERT INTO TEMPS VALUES (400,2010,3,8,30);
INSERT INTO TEMPS VALUES (401,2010,3,8,31);
INSERT INTO TEMPS VALUES (404,2010,3,9,1);
INSERT INTO TEMPS VALUES (405,2010,3,9,2);
INSERT INTO TEMPS VALUES (406,2010,3,9,3);
INSERT INTO TEMPS VALUES (407,2010,3,9,4);
INSERT INTO TEMPS VALUES (408,2010,3,9,5);
INSERT INTO TEMPS VALUES (409,2010,3,9,6);
INSERT INTO TEMPS VALUES (410,2010,3,9,7);
INSERT INTO TEMPS VALUES (411,2010,3,9,8);
INSERT INTO TEMPS VALUES (412,2010,3,9,9);
INSERT INTO TEMPS VALUES (413,2010,3,9,10);
INSERT INTO TEMPS VALUES (414,2010,3,9,11);
INSERT INTO TEMPS VALUES (415,2010,3,9,12);
INSERT INTO TEMPS VALUES (416,2010,3,9,13);
INSERT INTO TEMPS VALUES (417,2010,3,9,14);
INSERT INTO TEMPS VALUES (418,2010,3,9,15);
INSERT INTO TEMPS VALUES (419,2010,3,9,16);
INSERT INTO TEMPS VALUES (420,2010,3,9,17);
INSERT INTO TEMPS VALUES (421,2010,3,9,18);
INSERT INTO TEMPS VALUES (422,2010,3,9,19);
INSERT INTO TEMPS VALUES (423,2010,3,9,20);
INSERT INTO TEMPS VALUES (424,2010,3,9,21);
INSERT INTO TEMPS VALUES (425,2010,3,9,22);
INSERT INTO TEMPS VALUES (426,2010,3,9,23);
INSERT INTO TEMPS VALUES (427,2010,3,9,24);
INSERT INTO TEMPS VALUES (428,2010,3,9,25);
INSERT INTO TEMPS VALUES (429,2010,3,9,26);
INSERT INTO TEMPS VALUES (430,2010,3,9,27);
INSERT INTO TEMPS VALUES (431,2010,3,9,28);
INSERT INTO TEMPS VALUES (432,2010,3,9,29);
INSERT INTO TEMPS VALUES (433,2010,3,9,30);
INSERT INTO TEMPS VALUES (441,2010,4,10,1);
INSERT INTO TEMPS VALUES (442,2010,4,10,2);
INSERT INTO TEMPS VALUES (443,2010,4,10,3);
INSERT INTO TEMPS VALUES (444,2010,4,10,4);
INSERT INTO TEMPS VALUES (445,2010,4,10,5);
INSERT INTO TEMPS VALUES (446,2010,4,10,6);
INSERT INTO TEMPS VALUES (447,2010,4,10,7);
INSERT INTO TEMPS VALUES (448,2010,4,10,8);
INSERT INTO TEMPS VALUES (449,2010,4,10,9);
INSERT INTO TEMPS VALUES (450,2010,4,10,10);
INSERT INTO TEMPS VALUES (451,2010,4,10,11);
INSERT INTO TEMPS VALUES (452,2010,4,10,12);
INSERT INTO TEMPS VALUES (453,2010,4,10,13);
INSERT INTO TEMPS VALUES (454,2010,4,10,14);
INSERT INTO TEMPS VALUES (455,2010,4,10,15);
INSERT INTO TEMPS VALUES (456,2010,4,10,16);
INSERT INTO TEMPS VALUES (457,2010,4,10,17);
INSERT INTO TEMPS VALUES (458,2010,4,10,18);
INSERT INTO TEMPS VALUES (459,2010,4,10,19);
INSERT INTO TEMPS VALUES (460,2010,4,10,20);
INSERT INTO TEMPS VALUES (461,2010,4,10,21);
INSERT INTO TEMPS VALUES (462,2010,4,10,22);
INSERT INTO TEMPS VALUES (463,2010,4,10,23);
INSERT INTO TEMPS VALUES (464,2010,4,10,24);
INSERT INTO TEMPS VALUES (465,2010,4,10,25);
INSERT INTO TEMPS VALUES (466,2010,4,10,26);
INSERT INTO TEMPS VALUES (467,2010,4,10,27);
INSERT INTO TEMPS VALUES (468,2010,4,10,28);
INSERT INTO TEMPS VALUES (469,2010,4,10,29);
INSERT INTO TEMPS VALUES (470,2010,4,10,30);
INSERT INTO TEMPS VALUES (471,2010,4,10,31);
INSERT INTO TEMPS VALUES (479,2010,4,11,1);
INSERT INTO TEMPS VALUES (480,2010,4,11,2);
INSERT INTO TEMPS VALUES (481,2010,4,11,3);
INSERT INTO TEMPS VALUES (482,2010,4,11,4);
INSERT INTO TEMPS VALUES (483,2010,4,11,5);
INSERT INTO TEMPS VALUES (484,2010,4,11,6);
INSERT INTO TEMPS VALUES (485,2010,4,11,7);
INSERT INTO TEMPS VALUES (486,2010,4,11,8);
INSERT INTO TEMPS VALUES (487,2010,4,11,9);
INSERT INTO TEMPS VALUES (488,2010,4,11,10);
INSERT INTO TEMPS VALUES (489,2010,4,11,11);
INSERT INTO TEMPS VALUES (490,2010,4,11,12);
INSERT INTO TEMPS VALUES (491,2010,4,11,13);
INSERT INTO TEMPS VALUES (492,2010,4,11,14);
INSERT INTO TEMPS VALUES (493,2010,4,11,15);
INSERT INTO TEMPS VALUES (494,2010,4,11,16);
INSERT INTO TEMPS VALUES (495,2010,4,11,17);
INSERT INTO TEMPS VALUES (496,2010,4,11,18);
INSERT INTO TEMPS VALUES (497,2010,4,11,19);
INSERT INTO TEMPS VALUES (498,2010,4,11,20);
INSERT INTO TEMPS VALUES (499,2010,4,11,21);
INSERT INTO TEMPS VALUES (500,2010,4,11,22);
INSERT INTO TEMPS VALUES (501,2010,4,11,23);
INSERT INTO TEMPS VALUES (502,2010,4,11,24);
INSERT INTO TEMPS VALUES (503,2010,4,11,25);
INSERT INTO TEMPS VALUES (504,2010,4,11,26);
INSERT INTO TEMPS VALUES (505,2010,4,11,27);
INSERT INTO TEMPS VALUES (506,2010,4,11,28);
INSERT INTO TEMPS VALUES (507,2010,4,11,29);
INSERT INTO TEMPS VALUES (508,2010,4,11,30);
INSERT INTO TEMPS VALUES (513,2010,4,12,1);
INSERT INTO TEMPS VALUES (514,2010,4,12,2);
INSERT INTO TEMPS VALUES (515,2010,4,12,3);
INSERT INTO TEMPS VALUES (516,2010,4,12,4);
INSERT INTO TEMPS VALUES (517,2010,4,12,5);
INSERT INTO TEMPS VALUES (518,2010,4,12,6);
INSERT INTO TEMPS VALUES (519,2010,4,12,7);
INSERT INTO TEMPS VALUES (520,2010,4,12,8);
INSERT INTO TEMPS VALUES (521,2010,4,12,9);
INSERT INTO TEMPS VALUES (522,2010,4,12,10);
INSERT INTO TEMPS VALUES (523,2010,4,12,11);
INSERT INTO TEMPS VALUES (524,2010,4,12,12);
INSERT INTO TEMPS VALUES (525,2010,4,12,13);
INSERT INTO TEMPS VALUES (526,2010,4,12,14);
INSERT INTO TEMPS VALUES (527,2010,4,12,15);
INSERT INTO TEMPS VALUES (528,2010,4,12,16);
INSERT INTO TEMPS VALUES (529,2010,4,12,17);
INSERT INTO TEMPS VALUES (530,2010,4,12,18);
INSERT INTO TEMPS VALUES (531,2010,4,12,19);
INSERT INTO TEMPS VALUES (532,2010,4,12,20);
INSERT INTO TEMPS VALUES (533,2010,4,12,21);
INSERT INTO TEMPS VALUES (534,2010,4,12,22);
INSERT INTO TEMPS VALUES (535,2010,4,12,23);
INSERT INTO TEMPS VALUES (536,2010,4,12,24);
INSERT INTO TEMPS VALUES (537,2010,4,12,25);
INSERT INTO TEMPS VALUES (538,2010,4,12,26);
INSERT INTO TEMPS VALUES (539,2010,4,12,27);
INSERT INTO TEMPS VALUES (540,2010,4,12,28);
INSERT INTO TEMPS VALUES (541,2010,4,12,29);
INSERT INTO TEMPS VALUES (542,2010,4,12,30);
INSERT INTO TEMPS VALUES (543,2010,4,12,31);
INSERT INTO TEMPS VALUES (561,2011,1,1,1);
INSERT INTO TEMPS VALUES (562,2011,1,1,2);
INSERT INTO TEMPS VALUES (563,2011,1,1,3);
INSERT INTO TEMPS VALUES (564,2011,1,1,4);
INSERT INTO TEMPS VALUES (565,2011,1,1,5);
INSERT INTO TEMPS VALUES (566,2011,1,1,6);
INSERT INTO TEMPS VALUES (567,2011,1,1,7);
INSERT INTO TEMPS VALUES (568,2011,1,1,8);
INSERT INTO TEMPS VALUES (569,2011,1,1,9);
INSERT INTO TEMPS VALUES (570,2011,1,1,10);
INSERT INTO TEMPS VALUES (571,2011,1,1,11);
INSERT INTO TEMPS VALUES (572,2011,1,1,12);
INSERT INTO TEMPS VALUES (573,2011,1,1,13);
INSERT INTO TEMPS VALUES (574,2011,1,1,14);
INSERT INTO TEMPS VALUES (575,2011,1,1,15);
INSERT INTO TEMPS VALUES (576,2011,1,1,16);
INSERT INTO TEMPS VALUES (577,2011,1,1,17);
INSERT INTO TEMPS VALUES (578,2011,1,1,18);
INSERT INTO TEMPS VALUES (579,2011,1,1,19);
INSERT INTO TEMPS VALUES (580,2011,1,1,20);
INSERT INTO TEMPS VALUES (581,2011,1,1,21);
INSERT INTO TEMPS VALUES (582,2011,1,1,22);
INSERT INTO TEMPS VALUES (583,2011,1,1,23);
INSERT INTO TEMPS VALUES (584,2011,1,1,24);
INSERT INTO TEMPS VALUES (585,2011,1,1,25);
INSERT INTO TEMPS VALUES (586,2011,1,1,26);
INSERT INTO TEMPS VALUES (587,2011,1,1,27);
INSERT INTO TEMPS VALUES (588,2011,1,1,28);
INSERT INTO TEMPS VALUES (589,2011,1,1,29);
INSERT INTO TEMPS VALUES (590,2011,1,1,30);
INSERT INTO TEMPS VALUES (591,2011,1,1,31);
INSERT INTO TEMPS VALUES (616,2011,1,2,1);
INSERT INTO TEMPS VALUES (617,2011,1,2,2);
INSERT INTO TEMPS VALUES (618,2011,1,2,3);
INSERT INTO TEMPS VALUES (619,2011,1,2,4);
INSERT INTO TEMPS VALUES (620,2011,1,2,5);
INSERT INTO TEMPS VALUES (621,2011,1,2,6);
INSERT INTO TEMPS VALUES (622,2011,1,2,7);
INSERT INTO TEMPS VALUES (623,2011,1,2,8);
INSERT INTO TEMPS VALUES (624,2011,1,2,9);
INSERT INTO TEMPS VALUES (625,2011,1,2,10);
INSERT INTO TEMPS VALUES (626,2011,1,2,11);
INSERT INTO TEMPS VALUES (627,2011,1,2,12);
INSERT INTO TEMPS VALUES (628,2011,1,2,13);
INSERT INTO TEMPS VALUES (629,2011,1,2,14);
INSERT INTO TEMPS VALUES (630,2011,1,2,15);
INSERT INTO TEMPS VALUES (631,2011,1,2,16);
INSERT INTO TEMPS VALUES (632,2011,1,2,17);
INSERT INTO TEMPS VALUES (633,2011,1,2,18);
INSERT INTO TEMPS VALUES (634,2011,1,2,19);
INSERT INTO TEMPS VALUES (635,2011,1,2,20);
INSERT INTO TEMPS VALUES (636,2011,1,2,21);
INSERT INTO TEMPS VALUES (637,2011,1,2,22);
INSERT INTO TEMPS VALUES (638,2011,1,2,23);
INSERT INTO TEMPS VALUES (639,2011,1,2,24);
INSERT INTO TEMPS VALUES (640,2011,1,2,25);
INSERT INTO TEMPS VALUES (641,2011,1,2,26);
INSERT INTO TEMPS VALUES (642,2011,1,2,27);
INSERT INTO TEMPS VALUES (670,2011,1,3,1);
INSERT INTO TEMPS VALUES (671,2011,1,3,2);
INSERT INTO TEMPS VALUES (672,2011,1,3,3);
INSERT INTO TEMPS VALUES (673,2011,1,3,4);
INSERT INTO TEMPS VALUES (674,2011,1,3,5);
INSERT INTO TEMPS VALUES (675,2011,1,3,6);
INSERT INTO TEMPS VALUES (676,2011,1,3,7);
INSERT INTO TEMPS VALUES (677,2011,1,3,8);
INSERT INTO TEMPS VALUES (678,2011,1,3,9);
INSERT INTO TEMPS VALUES (679,2011,1,3,10);
INSERT INTO TEMPS VALUES (680,2011,1,3,11);
INSERT INTO TEMPS VALUES (681,2011,1,3,12);
INSERT INTO TEMPS VALUES (682,2011,1,3,13);
INSERT INTO TEMPS VALUES (683,2011,1,3,14);
INSERT INTO TEMPS VALUES (684,2011,1,3,15);
INSERT INTO TEMPS VALUES (685,2011,1,3,16);
INSERT INTO TEMPS VALUES (686,2011,1,3,17);
INSERT INTO TEMPS VALUES (687,2011,1,3,18);
INSERT INTO TEMPS VALUES (688,2011,1,3,19);
INSERT INTO TEMPS VALUES (689,2011,1,3,20);
INSERT INTO TEMPS VALUES (690,2011,1,3,21);
INSERT INTO TEMPS VALUES (691,2011,1,3,22);
INSERT INTO TEMPS VALUES (692,2011,1,3,23);
INSERT INTO TEMPS VALUES (693,2011,1,3,24);
INSERT INTO TEMPS VALUES (694,2011,1,3,25);
INSERT INTO TEMPS VALUES (695,2011,1,3,26);
INSERT INTO TEMPS VALUES (696,2011,1,3,27);
INSERT INTO TEMPS VALUES (697,2011,1,3,28);
INSERT INTO TEMPS VALUES (698,2011,1,3,29);
INSERT INTO TEMPS VALUES (699,2011,1,3,30);
INSERT INTO TEMPS VALUES (700,2011,1,3,31);
INSERT INTO TEMPS VALUES (743,2011,2,4,1);
INSERT INTO TEMPS VALUES (744,2011,2,4,2);
INSERT INTO TEMPS VALUES (745,2011,2,4,3);
INSERT INTO TEMPS VALUES (746,2011,2,4,4);
INSERT INTO TEMPS VALUES (747,2011,2,4,5);
INSERT INTO TEMPS VALUES (748,2011,2,4,6);
INSERT INTO TEMPS VALUES (749,2011,2,4,7);
INSERT INTO TEMPS VALUES (750,2011,2,4,8);
INSERT INTO TEMPS VALUES (751,2011,2,4,9);
INSERT INTO TEMPS VALUES (752,2011,2,4,10);
INSERT INTO TEMPS VALUES (753,2011,2,4,11);
INSERT INTO TEMPS VALUES (754,2011,2,4,12);
INSERT INTO TEMPS VALUES (755,2011,2,4,13);
INSERT INTO TEMPS VALUES (756,2011,2,4,14);
INSERT INTO TEMPS VALUES (757,2011,2,4,15);
INSERT INTO TEMPS VALUES (758,2011,2,4,16);
INSERT INTO TEMPS VALUES (759,2011,2,4,17);
INSERT INTO TEMPS VALUES (760,2011,2,4,18);
INSERT INTO TEMPS VALUES (761,2011,2,4,19);
INSERT INTO TEMPS VALUES (762,2011,2,4,20);
INSERT INTO TEMPS VALUES (763,2011,2,4,21);
INSERT INTO TEMPS VALUES (764,2011,2,4,22);
INSERT INTO TEMPS VALUES (765,2011,2,4,23);
INSERT INTO TEMPS VALUES (766,2011,2,4,24);
INSERT INTO TEMPS VALUES (767,2011,2,4,25);
INSERT INTO TEMPS VALUES (768,2011,2,4,26);
INSERT INTO TEMPS VALUES (769,2011,2,4,27);
INSERT INTO TEMPS VALUES (770,2011,2,4,28);
INSERT INTO TEMPS VALUES (771,2011,2,4,29);
INSERT INTO TEMPS VALUES (772,2011,2,4,30);
INSERT INTO TEMPS VALUES (817,2011,2,5,1);
INSERT INTO TEMPS VALUES (818,2011,2,5,2);
INSERT INTO TEMPS VALUES (819,2011,2,5,3);
INSERT INTO TEMPS VALUES (820,2011,2,5,4);
INSERT INTO TEMPS VALUES (821,2011,2,5,5);
INSERT INTO TEMPS VALUES (822,2011,2,5,6);
INSERT INTO TEMPS VALUES (823,2011,2,5,7);
INSERT INTO TEMPS VALUES (824,2011,2,5,8);
INSERT INTO TEMPS VALUES (825,2011,2,5,9);
INSERT INTO TEMPS VALUES (826,2011,2,5,10);
INSERT INTO TEMPS VALUES (827,2011,2,5,11);
INSERT INTO TEMPS VALUES (828,2011,2,5,12);
INSERT INTO TEMPS VALUES (829,2011,2,5,13);
INSERT INTO TEMPS VALUES (830,2011,2,5,14);
INSERT INTO TEMPS VALUES (832,2009,3,7,1);
INSERT INTO TEMPS VALUES (833,2009,3,7,2);
INSERT INTO TEMPS VALUES (834,2009,3,7,3);
INSERT INTO TEMPS VALUES (835,2009,3,7,8);
INSERT INTO TEMPS VALUES (836,2009,3,7,13);
INSERT INTO TEMPS VALUES (837,2009,3,7,14);
INSERT INTO TEMPS VALUES (838,2009,3,7,21);
INSERT INTO TEMPS VALUES (839,2009,3,7,28);
INSERT INTO TEMPS VALUES (841,2009,3,8,4);
INSERT INTO TEMPS VALUES (842,2009,3,8,11);
INSERT INTO TEMPS VALUES (843,2009,3,8,17);
INSERT INTO TEMPS VALUES (844,2009,3,8,18);
INSERT INTO TEMPS VALUES (845,2009,3,8,24);
INSERT INTO TEMPS VALUES (846,2009,3,8,31);
INSERT INTO TEMPS VALUES (847,2009,3,9,1);
INSERT INTO TEMPS VALUES (848,2009,3,9,8);
INSERT INTO TEMPS VALUES (849,2009,3,9,14);
INSERT INTO TEMPS VALUES (850,2009,3,9,15);
INSERT INTO TEMPS VALUES (851,2009,3,9,22);
INSERT INTO TEMPS VALUES (852,2009,3,9,28);
INSERT INTO TEMPS VALUES (853,2009,4,10,6);
INSERT INTO TEMPS VALUES (854,2009,4,10,12);
INSERT INTO TEMPS VALUES (855,2009,4,10,13);
INSERT INTO TEMPS VALUES (856,2009,4,10,20);
INSERT INTO TEMPS VALUES (857,2009,4,10,26);
INSERT INTO TEMPS VALUES (858,2009,4,11,2);
INSERT INTO TEMPS VALUES (859,2009,4,11,3);
INSERT INTO TEMPS VALUES (860,2009,4,11,9);
INSERT INTO TEMPS VALUES (861,2009,4,11,16);
INSERT INTO TEMPS VALUES (862,2009,4,11,17);
INSERT INTO TEMPS VALUES (863,2010,1,2,2);
INSERT INTO TEMPS VALUES (864,2010,1,3,31);
INSERT INTO TEMPS VALUES (865,2011,2,5,15);
INSERT INTO TEMPS VALUES (866,2011,2,5,16);
INSERT INTO TEMPS VALUES (867,2011,2,5,17);
INSERT INTO TEMPS VALUES (868,2011,2,5,18);
INSERT INTO TEMPS VALUES (869,2011,2,5,19);
INSERT INTO TEMPS VALUES (870,2011,2,5,20);
INSERT INTO TEMPS VALUES (871,2011,2,5,21);
INSERT INTO TEMPS VALUES (872,2011,2,5,22);
INSERT INTO TEMPS VALUES (873,2011,2,5,23);
INSERT INTO TEMPS VALUES (874,2011,2,5,24);
INSERT INTO TEMPS VALUES (875,2011,2,5,25);
INSERT INTO TEMPS VALUES (876,2011,2,5,26);
INSERT INTO TEMPS VALUES (877,2011,2,5,27);
INSERT INTO TEMPS VALUES (878,2011,2,5,28);
INSERT INTO TEMPS VALUES (879,2011,2,5,29);
INSERT INTO TEMPS VALUES (880,2011,2,5,30);
INSERT INTO TEMPS VALUES (881,2011,2,5,31);
commit;

DROP TABLE CLIENTS;
CREATE TABLE CLIENTS (CID Numeric(2),CL_NAME varchar(50), CL_CITY varchar(30), CL_R varchar(30), CL_STATE varchar(30));

INSERT INTO CLIENTS VALUES (1,'Alfreds Futterkiste','Berlin','12209','Allemagne');
INSERT INTO CLIENTS VALUES (2,'Ana Trujillo Emparedados y helados','Mexico D.F.','05021','Mexique');
INSERT INTO CLIENTS VALUES (3,'Antonio Moreno Taqueria','Mexico D.F.','05023','Mexique');
INSERT INTO CLIENTS VALUES (4,'Around the Horn','London','WA1 1DP','Royaume-Uni');
INSERT INTO CLIENTS VALUES (5,'Berglunds snabbkop','Lulea','S-958 22','Suède');
INSERT INTO CLIENTS VALUES (6,'Blauer See Delikatessen','Mannheim','68306','Allemagne');
INSERT INTO CLIENTS VALUES (7,'Blondel père et fils','Strasbourg','67000','France');
INSERT INTO CLIENTS VALUES (8,'Bolido Comidas preparadas','Madrid','28023','Espagne');
INSERT INTO CLIENTS VALUES (9,'Bon app ','Marseille','13008','France');
INSERT INTO CLIENTS VALUES (10,'Bottom-Dollar Markets','Tsawassen','T2F 8M4','Canada');
INSERT INTO CLIENTS VALUES (11,'B s Beverages','London','EC2 5NT','Royaume-Uni');
INSERT INTO CLIENTS VALUES (12,'Cactus Comidas para llevar','Buenos Aires','1010','Argentine');
INSERT INTO CLIENTS VALUES (13,'Centro comercial Moctezuma','Mexico D.F.','05022','Mexique');
INSERT INTO CLIENTS VALUES (14,'Chop-suey Chinese','Bern','3012','Suisse');
INSERT INTO CLIENTS VALUES (15,'Comércio Mineiro','Sao Paulo','05432-043','Brésil');
INSERT INTO CLIENTS VALUES (16,'Consolidated Holdings','London','WX1 6LT','Royaume-Uni');
INSERT INTO CLIENTS VALUES (17,'Drachenblut Delikatessen','Aachen','52066','Allemagne');
INSERT INTO CLIENTS VALUES (18,'Du monde entier','Nantes','44000','France');
INSERT INTO CLIENTS VALUES (19,'Eastern Connection','London','WX3 6FW','Royaume-Uni');
INSERT INTO CLIENTS VALUES (20,'Ernst Handel','Graz','8010','Autriche');
INSERT INTO CLIENTS VALUES (21,'Familia Arquibaldo','Sao Paulo','05442-030','Brésil');
INSERT INTO CLIENTS VALUES (22,'FISSA Fabrica Inter. Salchichas S.A.','Madrid','28034','Espagne');
INSERT INTO CLIENTS VALUES (23,'Folies gourmandes','Lille','59000','France');
INSERT INTO CLIENTS VALUES (24,'Folk och fa HB','Bracke','S-844 67','Suède');
INSERT INTO CLIENTS VALUES (25,'Frankenversand','Munchen','80805','Allemagne');
INSERT INTO CLIENTS VALUES (26,'France restauration','Nantes','44000','France');
INSERT INTO CLIENTS VALUES (27,'Franchi S.p.A.','Torino','10100','Italie');
INSERT INTO CLIENTS VALUES (28,'Furia Bacalhau e Frutos do Mar','Lisboa','1675','Portugal');
INSERT INTO CLIENTS VALUES (29,'Galeria del gastronomo','Barcelona','08022','Espagne');
INSERT INTO CLIENTS VALUES (30,'Godos Cocina Tipica','Sevilla','41101','Espagne');
INSERT INTO CLIENTS VALUES (31,'Gourmet Lanchonetes','Campinas','SP','Brésil');
INSERT INTO CLIENTS VALUES (32,'Great Lakes Food Market','Eugene','OR','Etats-Unis');
INSERT INTO CLIENTS VALUES (33,'GROSELLA-Restaurante','Caracas','DF','Venezuela');
INSERT INTO CLIENTS VALUES (34,'Hanari Carnes','Rio de Janeiro','05454-876','Brésil');
INSERT INTO CLIENTS VALUES (35,'HILARION-Abastos','San Cristobal','5022','Venezuela');
INSERT INTO CLIENTS VALUES (36,'Hungry Coyote Import Store','Elgin','97827','Etats-Unis');
INSERT INTO CLIENTS VALUES (37,'Hungry Owl All-Night Grocers','Cork','Co. Cork','Irlande');
INSERT INTO CLIENTS VALUES (38,'Island Trading','Cowes','Isle of Wight','Royaume-Uni');
INSERT INTO CLIENTS VALUES (39,'Koniglich Essen','Brandenburg','14776','Allemagne');
INSERT INTO CLIENTS VALUES (40,'La corne d abondance','Versailles','78000','France');
INSERT INTO CLIENTS VALUES (41,'La maison d Asie','Toulouse','31000','France');
INSERT INTO CLIENTS VALUES (42,'Laughing Bacchus Wine Cellars','Vancouver','BC','Canada');
INSERT INTO CLIENTS VALUES (43,'Lazy K Kountry Store','Walla Walla','WA','Etats-Unis');
INSERT INTO CLIENTS VALUES (44,'Lehmanns Marktstand','Frankfurt a.M. ','60528','Allemagne');
INSERT INTO CLIENTS VALUES (45,'Let s Stop N Shop','San Francisco','CA','Etats-Unis');
INSERT INTO CLIENTS VALUES (46,'LILA-Supermercado','Barquisimeto','Lara','Venezuela');
INSERT INTO CLIENTS VALUES (47,'LINO-Delicateses','I. de Margarita','Nueva Esparta','Venezuela');
INSERT INTO CLIENTS VALUES (48,'Lonesome Pine Restaurant','Portland','OR','Etats-Unis');
INSERT INTO CLIENTS VALUES (49,'Magazzini Alimentari Riuniti','Bergamo','24100','Italie');
INSERT INTO CLIENTS VALUES (50,'Maison Dewey','Bruxelles','B-1180','Belgique');
INSERT INTO CLIENTS VALUES (51,'Mère Paillarde','Montréal','Québec','Canada');
INSERT INTO CLIENTS VALUES (52,'Morgenstern Gesundkost','Leipzig','04179','Allemagne');
INSERT INTO CLIENTS VALUES (53,'North/South','London','SW7 1RZ','Royaume-Uni');
INSERT INTO CLIENTS VALUES (54,'Oceano Atlantico Ltda.','Buenos Aires','1010','Argentine');
INSERT INTO CLIENTS VALUES (55,'Old World Delicatessen','Anchorage','AK','Etats-Unis');
INSERT INTO CLIENTS VALUES (56,'Ottilies Kaseladen','Koln','50739','Allemagne');
INSERT INTO CLIENTS VALUES (57,'Paris spécialités','Paris','75012','France');
INSERT INTO CLIENTS VALUES (58,'Pericles Comidas clasicas','Mexico D.F.','05033','Mexique');
INSERT INTO CLIENTS VALUES (59,'Piccolo und mehr','Salzburg','5020','Autriche');
INSERT INTO CLIENTS VALUES (60,'Princesa Isabel Vinhos','Lisboa','1756','Portugal');
INSERT INTO CLIENTS VALUES (61,'Que Delicia','Rio de Janeiro','RJ','Brésil');
INSERT INTO CLIENTS VALUES (62,'Queen Cozinha','Sao Paulo','SP','Brésil');
INSERT INTO CLIENTS VALUES (63,'QUICK-Stop','Cunewalde','01307','Allemagne');
INSERT INTO CLIENTS VALUES (64,'Rancho grande','Buenos Aires','1010','Argentine');
INSERT INTO CLIENTS VALUES (65,'Rattlesnake Canyon Grocery','Albuquerque','NM','Etats-Unis');
INSERT INTO CLIENTS VALUES (66,'Reggiani Caseifici','Reggio Emilia','42100','Italie');
INSERT INTO CLIENTS VALUES (67,'Ricardo Adocicados','Rio de Janeiro','RJ','Brésil');
INSERT INTO CLIENTS VALUES (68,'Richter Supermarkt','Genève','1203','Suisse');
INSERT INTO CLIENTS VALUES (69,'Romero y tomillo','Madrid','28001','Espagne');
INSERT INTO CLIENTS VALUES (70,'Santé Gourmet','Stavern','4110','Norvège');
INSERT INTO CLIENTS VALUES (71,'Save-a-lot Markets','Boise','ID','Etats-Unis');
INSERT INTO CLIENTS VALUES (72,'Seven Seas Imports','London','OX15 4NB','Royaume-Uni');
INSERT INTO CLIENTS VALUES (73,'Simons bistro','Kobenhavn','1734','Danemark');
INSERT INTO CLIENTS VALUES (74,'Spécialités du monde','Paris','75016','France');
INSERT INTO CLIENTS VALUES (75,'Split Rail Beer and Ale','Lander','WY','Etats-Unis');
INSERT INTO CLIENTS VALUES (76,'Supremes délices','Charleroi','B-6000','Belgique');
INSERT INTO CLIENTS VALUES (77,'The Big Cheese','Portland','OR','Etats-Unis');
INSERT INTO CLIENTS VALUES (78,'The Cracker Box','Butte','MT','Etats-Unis');
INSERT INTO CLIENTS VALUES (79,'Toms Spezialitaten','Munster','44087','Allemagne');
INSERT INTO CLIENTS VALUES (80,'Tortuga Restaurante','Mexico D.F.','05033','Mexique');
INSERT INTO CLIENTS VALUES (81,'Tradiçao Hipermercados','Sao Paulo','SP','Brésil');
INSERT INTO CLIENTS VALUES (82,'Trail s Head Gourmet Provisioners','Kirkland','WA','Etats-Unis');
INSERT INTO CLIENTS VALUES (83,'Vaffeljernet','Arhus','8200','Danemark');
INSERT INTO CLIENTS VALUES (84,'Victuailles en stock','Lyon','69004','France');
INSERT INTO CLIENTS VALUES (85,'Vins et alcools Chevalier','Reims','51100','France');
INSERT INTO CLIENTS VALUES (86,'Die Wandernde Kuh','Stuttgart','70563','Allemagne');
INSERT INTO CLIENTS VALUES (87,'Wartian Herkku','Oulu','90110','Finlande');
INSERT INTO CLIENTS VALUES (88,'Wellington Importadora','Resende','SP','Brésil');
INSERT INTO CLIENTS VALUES (89,'White Clover Markets','Seattle','WA','Etats-Unis');
INSERT INTO CLIENTS VALUES (90,'Wilman Kala','Helsinki','21240','Finlande');
INSERT INTO CLIENTS VALUES (91,'Wolski  Zajazd','Warszawa','01-012','Pologne');

DROP TABLE PRODUITS;
CREATE TABLE PRODUITS (PID Numeric(2), PNAME varchar(50), CATEGORY varchar(40),SUBCAT varchar(30));


INSERT INTO PRODUITS VALUES (1,'Chai','Boissons','Thé');
INSERT INTO PRODUITS VALUES (2,'Chang','Boissons','Thé');
INSERT INTO PRODUITS VALUES (3,'Aniseed Syrup','Condiments',NULL);
INSERT INTO PRODUITS VALUES (4,'Chef Anton s Cajun Seasoning','Condiments',NULL);
INSERT INTO PRODUITS VALUES (5,'Chef Anton s Gumbo Mix','Condiments',NULL);
INSERT INTO PRODUITS VALUES (6,'Grandma s Boysenberry Spread','Condiments',NULL);
INSERT INTO PRODUITS VALUES (7,'Uncle Bob s Organic Dried Pears','Produits secs',NULL);
INSERT INTO PRODUITS VALUES (8,'Northwoods Cranberry Sauce','Condiments',NULL);
INSERT INTO PRODUITS VALUES (9,'Mishi Kobe Niku','Produits laitiers',NULL);
INSERT INTO PRODUITS VALUES (10,'Ikura','Viandes',NULL);
INSERT INTO PRODUITS VALUES (11,'Queso Cabrales','Pâtes et céréales',NULL);
INSERT INTO PRODUITS VALUES (12,'Queso Manchego La Pastora','Pâtes et céréales',NULL);
INSERT INTO PRODUITS VALUES (13,'Konbu','Viandes',NULL);
INSERT INTO PRODUITS VALUES (14,'Tofu','Produits secs',NULL);
INSERT INTO PRODUITS VALUES (15,'Genen Shouyu','Condiments',NULL);
INSERT INTO PRODUITS VALUES (16,'Pavlova','Desserts',NULL);
INSERT INTO PRODUITS VALUES (17,'Alice Mutton','Produits laitiers',NULL);
INSERT INTO PRODUITS VALUES (18,'Carnarvon Tigers','Viandes',NULL);
INSERT INTO PRODUITS VALUES (19,'Teatime Chocolate Biscuits','Desserts','Biscuits');
INSERT INTO PRODUITS VALUES (20,'Sir Rodney s Marmalade','Desserts','Confiture');
INSERT INTO PRODUITS VALUES (21,'Sir Rodney s Scones','Desserts',NULL);
INSERT INTO PRODUITS VALUES (22,'Gustaf s Knackebrod','Poissons et fruits de mer',NULL);
INSERT INTO PRODUITS VALUES (23,'Tunnbrod','Poissons et fruits de mer',NULL);
INSERT INTO PRODUITS VALUES (24,'Guarana Fantastica','Boissons','Jus');
INSERT INTO PRODUITS VALUES (25,'NuNuCa Nuss-Nougat-Creme','Desserts','Creme');
INSERT INTO PRODUITS VALUES (26,'Gumbar Gummibarchen','Desserts','Biscuits');
INSERT INTO PRODUITS VALUES (27,'Schoggi Schokolade','Desserts','Chocolat');
INSERT INTO PRODUITS VALUES (28,'Rossle Sauerkraut','Produits secs',NULL);
INSERT INTO PRODUITS VALUES (29,'Thuringer Rostbratwurst','Produits laitiers',NULL);
INSERT INTO PRODUITS VALUES (30,'Nord-Ost Matjeshering','Viandes',NULL);
INSERT INTO PRODUITS VALUES (31,'Gorgonzola Telino','Pâtes et céréales','Fromage');
INSERT INTO PRODUITS VALUES (32,'Mascarpone Fabioli','Pâtes et céréales','Fromage');
INSERT INTO PRODUITS VALUES (33,'Geitost','Pâtes et céréales','Fromage');
INSERT INTO PRODUITS VALUES (34,'Sasquatch Ale','Boissons','Vins');
INSERT INTO PRODUITS VALUES (35,'Steeleye Stout','Boissons','Vins');
INSERT INTO PRODUITS VALUES (36,'Inlagd Sill','Viandes',NULL);
INSERT INTO PRODUITS VALUES (37,'Gravad lax','Viandes',NULL);
INSERT INTO PRODUITS VALUES (38,'Côte de Blaye','Boissons','Vins');
INSERT INTO PRODUITS VALUES (39,'Chartreuse verte','Boissons','Vins');
INSERT INTO PRODUITS VALUES (40,'Boston Crab Meat','Viandes',NULL);
INSERT INTO PRODUITS VALUES (41,'Jack s New England Clam Chowder','Viandes',NULL);
INSERT INTO PRODUITS VALUES (42,'Singaporean Hokkien Fried Mee','Poissons et fruits de mer',NULL);
INSERT INTO PRODUITS VALUES (43,'Ipoh Coffee','Boissons','Café');
INSERT INTO PRODUITS VALUES (44,'Gula Malacca','Condiments',NULL);
INSERT INTO PRODUITS VALUES (45,'Rogede sild','Viandes',NULL);
INSERT INTO PRODUITS VALUES (46,'Spegesild','Viandes',NULL);
INSERT INTO PRODUITS VALUES (47,'Zaanse koeken','Desserts','Creme');
INSERT INTO PRODUITS VALUES (48,'Chocolade','Desserts','Chocolat');
INSERT INTO PRODUITS VALUES (49,'Maxilaku','Desserts','Creme');
INSERT INTO PRODUITS VALUES (50,'Valkoinen suklaa','Desserts','Creme');
INSERT INTO PRODUITS VALUES (51,'Manjimup Dried Apples','Produits secs',NULL);
INSERT INTO PRODUITS VALUES (52,'Filo Mix','Poissons et fruits de mer',NULL);
INSERT INTO PRODUITS VALUES (53,'Perth Pasties','Produits laitiers',NULL);
INSERT INTO PRODUITS VALUES (54,'Tourtière','Produits laitiers',NULL);
INSERT INTO PRODUITS VALUES (55,'Pâté chinois','Produits laitiers',NULL);
INSERT INTO PRODUITS VALUES (56,'Gnocchi di nonna Alice','Poissons et fruits de mer',NULL);
INSERT INTO PRODUITS VALUES (57,'Ravioli Angelo','Poissons et fruits de mer',NULL);
INSERT INTO PRODUITS VALUES (58,'Escargots de Bourgogne','Viandes',NULL);
INSERT INTO PRODUITS VALUES (59,'Raclette Courdavault','Pâtes et céréales','Fromage');
INSERT INTO PRODUITS VALUES (60,'Camembert Pierrot','Pâtes et céréales','Fromage');
INSERT INTO PRODUITS VALUES (61,'Sirop d érable','Condiments',NULL);
INSERT INTO PRODUITS VALUES (62,'Tarte au sucre','Desserts','Biscuits');
INSERT INTO PRODUITS VALUES (63,'Vegie-spread','Condiments',NULL);
INSERT INTO PRODUITS VALUES (64,'Wimmers gute Semmelknodel','Poissons et fruits de mer',NULL);
INSERT INTO PRODUITS VALUES (65,'Louisiana Fiery Hot Pepper Sauce','Condiments',NULL);
INSERT INTO PRODUITS VALUES (66,'Louisiana Hot Spiced Okra','Condiments',NULL);
INSERT INTO PRODUITS VALUES (67,'Laughing Lumberjack Lager','Boissons',NULL);
INSERT INTO PRODUITS VALUES (68,'Scottish Longbreads','Desserts','Creme');
INSERT INTO PRODUITS VALUES (69,'Gudbrandsdalsost','Pâtes et céréales',NULL);
INSERT INTO PRODUITS VALUES (70,'Outback Lager','Boissons',NULL);
INSERT INTO PRODUITS VALUES (71,'Flotemysost','Pâtes et céréales',NULL);
INSERT INTO PRODUITS VALUES (72,'Mozzarella di Giovanni','Pâtes et céréales','Fromage');
INSERT INTO PRODUITS VALUES (73,'Rod Kaviar','Viandes',NULL);
INSERT INTO PRODUITS VALUES (74,'Longlife Tofu','Produits secs',NULL);
INSERT INTO PRODUITS VALUES (75,'Rhonbrau Klosterbier','Boissons','Vins');
INSERT INTO PRODUITS VALUES (76,'Lakkalikoori','Boissons',NULL);
INSERT INTO PRODUITS VALUES (77,'Original Frankfurter grune Sosse','Condiments',NULL);

DROP TABLE VENTES ;
CREATE TABLE VENTES (TID Numeric(4),PID Numeric(2),CID Numeric(2),QTE Numeric(3), PU Numeric(6,2));

INSERT INTO VENTES VALUES (38,1,63,45,72.00 );
INSERT INTO VENTES VALUES (47,1,65,18,72.00 );
INSERT INTO VENTES VALUES (70,1,48,20,72.00 );
INSERT INTO VENTES VALUES (101,1,86,15,72.00 );
INSERT INTO VENTES VALUES (124,1,14,15,72.00 );
INSERT INTO VENTES VALUES (159,1,62,10,72.00 );
INSERT INTO VENTES VALUES (166,1,41,24,72.00 );
INSERT INTO VENTES VALUES (231,1,60,15,72.00 );
INSERT INTO VENTES VALUES (274,1,44,40,90.00 );
INSERT INTO VENTES VALUES (280,1,87,8,90.00 );
INSERT INTO VENTES VALUES (330,1,80,10,90.00 );
INSERT INTO VENTES VALUES (344,1,51,20,90.00 );
INSERT INTO VENTES VALUES (361,1,18,3,90.00 );
INSERT INTO VENTES VALUES (362,1,91,6,90.00 );
INSERT INTO VENTES VALUES (382,1,7,25,90.00 );
INSERT INTO VENTES VALUES (397,1,37,15,90.00 );
INSERT INTO VENTES VALUES (441,1,5,35,90.00 );
INSERT INTO VENTES VALUES (443,1,63,30,90.00 );
INSERT INTO VENTES VALUES (450,1,71,5,90.00 );
INSERT INTO VENTES VALUES (482,1,47,50,90.00 );
INSERT INTO VENTES VALUES (502,1,53,8,90.00 );
INSERT INTO VENTES VALUES (579,1,47,4,90.00 );
INSERT INTO VENTES VALUES (582,1,71,80,90.00 );
INSERT INTO VENTES VALUES (619,1,72,40,90.00 );
INSERT INTO VENTES VALUES (639,1,88,20,90.00 );
INSERT INTO VENTES VALUES (641,1,30,10,90.00 );
INSERT INTO VENTES VALUES (671,1,10,60,90.00 );
INSERT INTO VENTES VALUES (678,1,88,21,90.00 );
INSERT INTO VENTES VALUES (748,1,78,4,90.00 );
INSERT INTO VENTES VALUES (749,1,90,2,90.00 );
INSERT INTO VENTES VALUES (749,1,32,8,90.00 );
INSERT INTO VENTES VALUES (757,1,87,10,90.00 );
INSERT INTO VENTES VALUES (759,1,71,45,90.00 );
INSERT INTO VENTES VALUES (766,1,19,25,90.00 );
INSERT INTO VENTES VALUES (821,1,44,40,90.00 );
INSERT INTO VENTES VALUES (8,2,68,20,76.00 );
INSERT INTO VENTES VALUES (11,2,20,50,76.00 );
INSERT INTO VENTES VALUES (51,2,37,40,76.00 );
INSERT INTO VENTES VALUES (88,2,37,7,76.00 );
INSERT INTO VENTES VALUES (95,2,25,24,76.00 );
INSERT INTO VENTES VALUES (146,2,71,25,76.00 );
INSERT INTO VENTES VALUES (171,2,63,60,76.00 );
INSERT INTO VENTES VALUES (188,2,16,10,76.00 );
INSERT INTO VENTES VALUES (194,2,71,45,76.00 );
INSERT INTO VENTES VALUES (224,2,89,40,76.00 );
INSERT INTO VENTES VALUES (239,2,47,20,76.00 );
INSERT INTO VENTES VALUES (255,2,89,12,95.00 );
INSERT INTO VENTES VALUES (362,2,91,10,95.00 );
INSERT INTO VENTES VALUES (376,2,67,20,95.00 );
INSERT INTO VENTES VALUES (384,2,86,30,95.00 );
INSERT INTO VENTES VALUES (462,2,71,30,95.00 );
INSERT INTO VENTES VALUES (469,2,71,3,95.00 );
INSERT INTO VENTES VALUES (492,2,4,15,95.00 );
INSERT INTO VENTES VALUES (531,2,41,15,95.00 );
INSERT INTO VENTES VALUES (535,2,91,10,95.00 );
INSERT INTO VENTES VALUES (543,2,84,20,95.00 );
INSERT INTO VENTES VALUES (565,2,67,12,95.00 );
INSERT INTO VENTES VALUES (573,2,38,10,95.00 );
INSERT INTO VENTES VALUES (586,2,67,5,95.00 );
INSERT INTO VENTES VALUES (586,2,65,15,95.00 );
INSERT INTO VENTES VALUES (588,2,3,20,95.00 );
INSERT INTO VENTES VALUES (618,2,5,21,95.00 );
INSERT INTO VENTES VALUES (631,2,30,20,95.00 );
INSERT INTO VENTES VALUES (679,2,49,10,95.00 );
INSERT INTO VENTES VALUES (743,2,63,50,95.00 );
INSERT INTO VENTES VALUES (756,2,63,11,95.00 );
INSERT INTO VENTES VALUES (759,2,71,100,95.00 );
INSERT INTO VENTES VALUES (764,2,14,30,95.00 );
INSERT INTO VENTES VALUES (766,2,31,10,95.00 );
INSERT INTO VENTES VALUES (821,2,44,20,95.00 );
INSERT INTO VENTES VALUES (821,2,20,8,95.00 );
INSERT INTO VENTES VALUES (822,2,68,10,95.00 );
INSERT INTO VENTES VALUES (822,2,65,24,95.00 );
INSERT INTO VENTES VALUES (42,3,11,30,40.00 );
INSERT INTO VENTES VALUES (158,3,47,50,40.00 );
INSERT INTO VENTES VALUES (239,3,47,20,40.00 );
INSERT INTO VENTES VALUES (294,3,63,60,50.00 );
INSERT INTO VENTES VALUES (344,3,83,14,50.00 );
INSERT INTO VENTES VALUES (453,3,1,6,50.00 );
INSERT INTO VENTES VALUES (492,3,10,20,50.00 );
INSERT INTO VENTES VALUES (515,3,20,20,50.00 );
INSERT INTO VENTES VALUES (588,3,5,30,50.00 );
INSERT INTO VENTES VALUES (755,3,20,25,50.00 );
INSERT INTO VENTES VALUES (822,3,65,4,50.00 );
INSERT INTO VENTES VALUES (62,4,37,20,88.00 );
INSERT INTO VENTES VALUES (79,4,8,24,88.00 );
INSERT INTO VENTES VALUES (89,4,60,18,88.00 );
INSERT INTO VENTES VALUES (92,4,51,10,88.00 );
INSERT INTO VENTES VALUES (97,4,89,35,88.00 );
INSERT INTO VENTES VALUES (218,4,28,16,88.00 );
INSERT INTO VENTES VALUES (262,4,9,50,110.00 );
INSERT INTO VENTES VALUES (280,4,63,50,110.00 );
INSERT INTO VENTES VALUES (388,4,49,10,110.00 );
INSERT INTO VENTES VALUES (389,4,87,25,110.00 );
INSERT INTO VENTES VALUES (405,4,5,12,110.00 );
INSERT INTO VENTES VALUES (454,4,62,6,110.00 );
INSERT INTO VENTES VALUES (481,4,19,25,110.00 );
INSERT INTO VENTES VALUES (641,4,62,30,110.00 );
INSERT INTO VENTES VALUES (685,4,49,5,110.00 );
INSERT INTO VENTES VALUES (748,4,65,25,110.00 );
INSERT INTO VENTES VALUES (822,4,65,1,110.00 );
INSERT INTO VENTES VALUES (11,5,20,65,85.00 );
INSERT INTO VENTES VALUES (15,5,65,12,85.00 );
INSERT INTO VENTES VALUES (44,5,15,20,85.00 );
INSERT INTO VENTES VALUES (135,5,20,32,85.00 );
INSERT INTO VENTES VALUES (388,5,49,15,106.75 );
INSERT INTO VENTES VALUES (457,5,77,4,106.75 );
INSERT INTO VENTES VALUES (583,5,16,30,106.75 );
INSERT INTO VENTES VALUES (759,5,71,70,106.75 );
INSERT INTO VENTES VALUES (766,5,19,30,106.75 );
INSERT INTO VENTES VALUES (62,6,37,30,100.00 );
INSERT INTO VENTES VALUES (371,6,51,70,125.00 );
INSERT INTO VENTES VALUES (485,6,31,30,125.00 );
INSERT INTO VENTES VALUES (620,6,9,50,125.00 );
INSERT INTO VENTES VALUES (678,6,44,20,125.00 );
INSERT INTO VENTES VALUES (682,6,10,12,125.00 );
INSERT INTO VENTES VALUES (685,6,1,16,125.00 );
INSERT INTO VENTES VALUES (700,6,61,40,125.00 );
INSERT INTO VENTES VALUES (822,6,9,20,125.00 );
INSERT INTO VENTES VALUES (822,6,65,1,125.00 );
INSERT INTO VENTES VALUES (15,7,65,15,120.00 );
INSERT INTO VENTES VALUES (138,7,75,10,120.00 );
INSERT INTO VENTES VALUES (211,7,84,16,120.00 );
INSERT INTO VENTES VALUES (225,7,11,30,120.00 );
INSERT INTO VENTES VALUES (262,7,9,50,150.00 );
INSERT INTO VENTES VALUES (298,7,84,10,150.00 );
INSERT INTO VENTES VALUES (344,7,83,10,150.00 );
INSERT INTO VENTES VALUES (359,7,71,45,150.00 );
INSERT INTO VENTES VALUES (385,7,23,35,150.00 );
INSERT INTO VENTES VALUES (446,7,63,90,150.00 );
INSERT INTO VENTES VALUES (534,7,31,3,150.00 );
INSERT INTO VENTES VALUES (589,7,40,5,150.00 );
INSERT INTO VENTES VALUES (641,7,66,20,150.00 );
INSERT INTO VENTES VALUES (641,7,70,12,150.00 );
INSERT INTO VENTES VALUES (680,7,9,8,150.00 );
INSERT INTO VENTES VALUES (688,7,63,45,150.00 );
INSERT INTO VENTES VALUES (695,7,20,18,150.00 );
INSERT INTO VENTES VALUES (696,7,10,20,150.00 );
INSERT INTO VENTES VALUES (700,7,19,60,150.00 );
INSERT INTO VENTES VALUES (700,7,65,60,150.00 );
INSERT INTO VENTES VALUES (751,7,66,20,150.00 );
INSERT INTO VENTES VALUES (756,7,11,4,150.00 );
INSERT INTO VENTES VALUES (770,7,19,40,150.00 );
INSERT INTO VENTES VALUES (821,7,46,15,150.00 );
INSERT INTO VENTES VALUES (822,7,65,1,150.00 );
INSERT INTO VENTES VALUES (97,8,89,70,160.00 );
INSERT INTO VENTES VALUES (98,8,63,70,160.00 );
INSERT INTO VENTES VALUES (262,8,9,10,200.00 );
INSERT INTO VENTES VALUES (274,8,44,24,200.00 );
INSERT INTO VENTES VALUES (447,8,90,10,200.00 );
INSERT INTO VENTES VALUES (457,8,31,40,200.00 );
INSERT INTO VENTES VALUES (531,8,62,30,200.00 );
INSERT INTO VENTES VALUES (573,8,38,20,200.00 );
INSERT INTO VENTES VALUES (694,8,10,16,200.00 );
INSERT INTO VENTES VALUES (695,8,50,20,200.00 );
INSERT INTO VENTES VALUES (750,8,60,30,200.00 );
INSERT INTO VENTES VALUES (822,8,65,2,200.00 );
INSERT INTO VENTES VALUES (173,9,88,20,388.00 );
INSERT INTO VENTES VALUES (267,9,63,16,485.00 );
INSERT INTO VENTES VALUES (433,9,37,50,485.00 );
INSERT INTO VENTES VALUES (446,9,89,6,485.00 );
INSERT INTO VENTES VALUES (583,9,16,3,485.00 );
INSERT INTO VENTES VALUES (26,10,63,24,124.00 );
INSERT INTO VENTES VALUES (29,10,80,15,124.00 );
INSERT INTO VENTES VALUES (110,10,46,30,124.00 );
INSERT INTO VENTES VALUES (142,10,10,16,124.00 );
INSERT INTO VENTES VALUES (202,10,7,14,124.00 );
INSERT INTO VENTES VALUES (203,10,84,20,124.00 );
INSERT INTO VENTES VALUES (232,10,84,20,124.00 );
INSERT INTO VENTES VALUES (272,10,14,16,155.00 );
INSERT INTO VENTES VALUES (276,10,5,2,155.00 );
INSERT INTO VENTES VALUES (361,10,18,10,155.00 );
INSERT INTO VENTES VALUES (365,10,71,70,155.00 );
INSERT INTO VENTES VALUES (397,10,37,18,155.00 );
INSERT INTO VENTES VALUES (413,10,28,24,155.00 );
INSERT INTO VENTES VALUES (425,10,80,2,155.00 );
INSERT INTO VENTES VALUES (432,10,31,20,155.00 );
INSERT INTO VENTES VALUES (441,10,83,18,155.00 );
INSERT INTO VENTES VALUES (462,10,71,18,155.00 );
INSERT INTO VENTES VALUES (463,10,9,21,155.00 );
INSERT INTO VENTES VALUES (470,10,51,16,155.00 );
INSERT INTO VENTES VALUES (524,10,78,6,155.00 );
INSERT INTO VENTES VALUES (530,10,33,10,155.00 );
INSERT INTO VENTES VALUES (542,10,72,36,155.00 );
INSERT INTO VENTES VALUES (572,10,9,15,155.00 );
INSERT INTO VENTES VALUES (587,10,20,100,155.00 );
INSERT INTO VENTES VALUES (621,10,30,10,155.00 );
INSERT INTO VENTES VALUES (628,10,34,70,155.00 );
INSERT INTO VENTES VALUES (673,10,5,20,155.00 );
INSERT INTO VENTES VALUES (681,10,83,25,155.00 );
INSERT INTO VENTES VALUES (682,10,10,30,155.00 );
INSERT INTO VENTES VALUES (822,10,65,1,155.00 );
INSERT INTO VENTES VALUES (1,11,85,12,70.00 );
INSERT INTO VENTES VALUES (49,11,46,12,84.00 );
INSERT INTO VENTES VALUES (106,11,59,12,84.00 );
INSERT INTO VENTES VALUES (118,11,3,24,84.00 );
INSERT INTO VENTES VALUES (195,11,20,30,84.00 );
INSERT INTO VENTES VALUES (196,11,66,6,84.00 );
INSERT INTO VENTES VALUES (220,11,15,10,84.00 );
INSERT INTO VENTES VALUES (242,11,59,15,84.00 );
INSERT INTO VENTES VALUES (281,11,32,3,105.00 );
INSERT INTO VENTES VALUES (288,11,3,50,105.00 );
INSERT INTO VENTES VALUES (297,11,43,10,105.00 );
INSERT INTO VENTES VALUES (305,11,87,15,105.00 );
INSERT INTO VENTES VALUES (319,11,7,35,105.00 );
INSERT INTO VENTES VALUES (324,11,51,15,105.00 );
INSERT INTO VENTES VALUES (366,11,6,14,105.00 );
INSERT INTO VENTES VALUES (389,11,62,10,105.00 );
INSERT INTO VENTES VALUES (449,11,20,15,105.00 );
INSERT INTO VENTES VALUES (481,11,19,5,105.00 );
INSERT INTO VENTES VALUES (521,11,34,15,105.00 );
INSERT INTO VENTES VALUES (537,11,17,20,105.00 );
INSERT INTO VENTES VALUES (538,11,72,50,105.00 );
INSERT INTO VENTES VALUES (569,11,46,20,105.00 );
INSERT INTO VENTES VALUES (580,11,80,15,105.00 );
INSERT INTO VENTES VALUES (590,11,44,25,105.00 );
INSERT INTO VENTES VALUES (619,11,72,10,105.00 );
INSERT INTO VENTES VALUES (631,11,65,40,105.00 );
INSERT INTO VENTES VALUES (641,11,37,40,105.00 );
INSERT INTO VENTES VALUES (673,11,2,2,105.00 );
INSERT INTO VENTES VALUES (681,11,10,5,105.00 );
INSERT INTO VENTES VALUES (700,11,61,15,105.00 );
INSERT INTO VENTES VALUES (764,11,74,10,105.00 );
INSERT INTO VENTES VALUES (19,12,87,12,152.00 );
INSERT INTO VENTES VALUES (192,12,51,15,152.00 );
INSERT INTO VENTES VALUES (289,12,44,15,190.00 );
INSERT INTO VENTES VALUES (296,12,46,30,190.00 );
INSERT INTO VENTES VALUES (385,12,20,36,190.00 );
INSERT INTO VENTES VALUES (426,12,71,100,190.00 );
INSERT INTO VENTES VALUES (447,12,90,4,190.00 );
INSERT INTO VENTES VALUES (692,12,20,30,190.00 );
INSERT INTO VENTES VALUES (695,12,20,20,190.00 );
INSERT INTO VENTES VALUES (755,12,48,20,190.00 );
INSERT INTO VENTES VALUES (765,12,86,20,190.00 );
INSERT INTO VENTES VALUES (766,12,31,4,190.00 );
INSERT INTO VENTES VALUES (822,12,65,2,190.00 );
INSERT INTO VENTES VALUES (29,13,80,10,24.00 );
INSERT INTO VENTES VALUES (44,13,61,20,24.00 );
INSERT INTO VENTES VALUES (137,13,4,20,24.00 );
INSERT INTO VENTES VALUES (144,13,17,18,24.00 );
INSERT INTO VENTES VALUES (146,13,36,10,24.00 );
INSERT INTO VENTES VALUES (173,13,88,2,24.00 );
INSERT INTO VENTES VALUES (217,13,16,1,24.00 );
INSERT INTO VENTES VALUES (280,13,87,10,30.00 );
INSERT INTO VENTES VALUES (291,13,11,8,30.00 );
INSERT INTO VENTES VALUES (385,13,20,13,30.00 );
INSERT INTO VENTES VALUES (489,13,85,4,30.00 );
INSERT INTO VENTES VALUES (497,13,14,6,30.00 );
INSERT INTO VENTES VALUES (561,13,42,7,30.00 );
INSERT INTO VENTES VALUES (573,13,38,10,30.00 );
INSERT INTO VENTES VALUES (574,13,41,3,30.00 );
INSERT INTO VENTES VALUES (576,13,5,6,30.00 );
INSERT INTO VENTES VALUES (587,13,20,65,30.00 );
INSERT INTO VENTES VALUES (633,13,71,28,30.00 );
INSERT INTO VENTES VALUES (639,13,34,40,30.00 );
INSERT INTO VENTES VALUES (673,13,2,10,30.00 );
INSERT INTO VENTES VALUES (675,13,68,42,30.00 );
INSERT INTO VENTES VALUES (679,13,63,20,30.00 );
INSERT INTO VENTES VALUES (680,13,9,20,30.00 );
INSERT INTO VENTES VALUES (680,13,11,15,30.00 );
INSERT INTO VENTES VALUES (681,13,52,20,30.00 );
INSERT INTO VENTES VALUES (688,13,63,77,30.00 );
INSERT INTO VENTES VALUES (696,13,71,84,30.00 );
INSERT INTO VENTES VALUES (748,13,71,56,30.00 );
INSERT INTO VENTES VALUES (757,13,87,20,30.00 );
INSERT INTO VENTES VALUES (759,13,71,80,30.00 );
INSERT INTO VENTES VALUES (762,13,17,7,30.00 );
INSERT INTO VENTES VALUES (771,13,67,30,30.00 );
INSERT INTO VENTES VALUES (821,13,46,10,30.00 );
INSERT INTO VENTES VALUES (822,13,65,4,30.00 );
INSERT INTO VENTES VALUES (86,14,87,10,93.00 );
INSERT INTO VENTES VALUES (128,14,36,15,93.00 );
INSERT INTO VENTES VALUES (146,14,71,42,93.00 );
INSERT INTO VENTES VALUES (165,14,87,20,93.00 );
INSERT INTO VENTES VALUES (179,14,59,35,93.00 );
INSERT INTO VENTES VALUES (255,14,37,70,116.25 );
INSERT INTO VENTES VALUES (309,14,71,30,116.25 );
INSERT INTO VENTES VALUES (324,14,20,11,116.25 );
INSERT INTO VENTES VALUES (377,14,25,21,116.25 );
INSERT INTO VENTES VALUES (378,14,2,3,116.25 );
INSERT INTO VENTES VALUES (407,14,32,3,116.25 );
INSERT INTO VENTES VALUES (422,14,25,30,116.25 );
INSERT INTO VENTES VALUES (485,14,5,16,116.25 );
INSERT INTO VENTES VALUES (499,14,87,5,116.25 );
INSERT INTO VENTES VALUES (536,14,61,15,116.25 );
INSERT INTO VENTES VALUES (822,14,9,20,116.25 );
INSERT INTO VENTES VALUES (822,14,65,1,116.25 );
INSERT INTO VENTES VALUES (36,15,46,20,62.00 );
INSERT INTO VENTES VALUES (253,15,41,12,77.50 );
INSERT INTO VENTES VALUES (332,15,45,10,77.50 );
INSERT INTO VENTES VALUES (345,15,44,25,77.50 );
INSERT INTO VENTES VALUES (407,15,71,50,77.50 );
INSERT INTO VENTES VALUES (8,16,68,35,69.50 );
INSERT INTO VENTES VALUES (16,16,20,60,69.50 );
INSERT INTO VENTES VALUES (40,16,67,40,69.50 );
INSERT INTO VENTES VALUES (49,16,46,30,69.50 );
INSERT INTO VENTES VALUES (63,16,77,10,69.50 );
INSERT INTO VENTES VALUES (77,16,71,21,69.50 );
INSERT INTO VENTES VALUES (112,16,72,56,69.50 );
INSERT INTO VENTES VALUES (156,16,20,21,69.50 );
INSERT INTO VENTES VALUES (192,16,51,16,69.50 );
INSERT INTO VENTES VALUES (194,16,71,49,69.50 );
INSERT INTO VENTES VALUES (205,16,41,20,69.50 );
INSERT INTO VENTES VALUES (224,16,89,35,69.50 );
INSERT INTO VENTES VALUES (242,16,59,18,69.50 );
INSERT INTO VENTES VALUES (267,16,63,50,87.25 );
INSERT INTO VENTES VALUES (303,16,28,40,87.25 );
INSERT INTO VENTES VALUES (305,16,87,14,87.25 );
INSERT INTO VENTES VALUES (325,16,5,12,87.25 );
INSERT INTO VENTES VALUES (358,16,51,30,87.25 );
INSERT INTO VENTES VALUES (405,16,25,30,87.25 );
INSERT INTO VENTES VALUES (420,16,26,10,87.25 );
INSERT INTO VENTES VALUES (421,16,90,3,87.25 );
INSERT INTO VENTES VALUES (427,16,55,50,87.25 );
INSERT INTO VENTES VALUES (456,16,55,20,87.25 );
INSERT INTO VENTES VALUES (483,16,9,15,87.25 );
INSERT INTO VENTES VALUES (490,16,74,3,87.25 );
INSERT INTO VENTES VALUES (528,16,52,20,87.25 );
INSERT INTO VENTES VALUES (536,16,20,65,87.25 );
INSERT INTO VENTES VALUES (587,16,55,50,87.25 );
INSERT INTO VENTES VALUES (620,16,9,12,87.25 );
INSERT INTO VENTES VALUES (624,16,67,30,87.25 );
INSERT INTO VENTES VALUES (641,16,70,15,87.25 );
INSERT INTO VENTES VALUES (642,16,64,6,87.25 );
INSERT INTO VENTES VALUES (671,16,47,24,87.25 );
INSERT INTO VENTES VALUES (675,16,9,30,87.25 );
INSERT INTO VENTES VALUES (686,16,47,28,87.25 );
INSERT INTO VENTES VALUES (699,16,71,55,87.25 );
INSERT INTO VENTES VALUES (699,16,37,36,87.25 );
INSERT INTO VENTES VALUES (817,16,89,3,87.25 );
INSERT INTO VENTES VALUES (821,16,44,30,87.25 );
INSERT INTO VENTES VALUES (822,16,73,14,87.25 );
INSERT INTO VENTES VALUES (822,16,65,2,87.25 );
INSERT INTO VENTES VALUES (18,17,7,30,156.00 );
INSERT INTO VENTES VALUES (32,17,44,15,156.00 );
INSERT INTO VENTES VALUES (47,17,65,15,156.00 );
INSERT INTO VENTES VALUES (72,17,80,8,156.00 );
INSERT INTO VENTES VALUES (91,17,55,20,156.00 );
INSERT INTO VENTES VALUES (92,17,51,70,156.00 );
INSERT INTO VENTES VALUES (99,17,65,36,156.00 );
INSERT INTO VENTES VALUES (168,17,36,2,156.00 );
INSERT INTO VENTES VALUES (184,17,20,45,156.00 );
INSERT INTO VENTES VALUES (184,17,10,50,156.00 );
INSERT INTO VENTES VALUES (196,17,5,10,156.00 );
INSERT INTO VENTES VALUES (276,17,72,25,195.00 );
INSERT INTO VENTES VALUES (283,17,59,40,195.00 );
INSERT INTO VENTES VALUES (303,17,30,8,195.00 );
INSERT INTO VENTES VALUES (317,17,65,16,195.00 );
INSERT INTO VENTES VALUES (326,17,3,18,195.00 );
INSERT INTO VENTES VALUES (359,17,71,100,195.00 );
INSERT INTO VENTES VALUES (433,17,59,30,195.00 );
INSERT INTO VENTES VALUES (448,17,89,20,195.00 );
INSERT INTO VENTES VALUES (449,17,20,8,195.00 );
INSERT INTO VENTES VALUES (462,17,71,27,195.00 );
INSERT INTO VENTES VALUES (481,17,66,20,195.00 );
INSERT INTO VENTES VALUES (523,17,20,33,195.00 );
INSERT INTO VENTES VALUES (536,17,20,35,195.00 );
INSERT INTO VENTES VALUES (541,17,8,40,195.00 );
INSERT INTO VENTES VALUES (586,17,65,6,195.00 );
INSERT INTO VENTES VALUES (590,17,89,42,195.00 );
INSERT INTO VENTES VALUES (620,17,9,16,195.00 );
INSERT INTO VENTES VALUES (631,17,18,15,195.00 );
INSERT INTO VENTES VALUES (641,17,30,12,195.00 );
INSERT INTO VENTES VALUES (642,17,80,10,195.00 );
INSERT INTO VENTES VALUES (672,17,34,15,195.00 );
INSERT INTO VENTES VALUES (682,17,10,6,195.00 );
INSERT INTO VENTES VALUES (693,17,40,6,195.00 );
INSERT INTO VENTES VALUES (771,17,67,12,195.00 );
INSERT INTO VENTES VALUES (817,17,71,77,195.00 );
INSERT INTO VENTES VALUES (46,18,80,12,250.00 );
INSERT INTO VENTES VALUES (58,18,55,25,250.00 );
INSERT INTO VENTES VALUES (85,18,51,40,250.00 );
INSERT INTO VENTES VALUES (93,18,9,20,250.00 );
INSERT INTO VENTES VALUES (135,18,20,9,250.00 );
INSERT INTO VENTES VALUES (225,18,9,30,250.00 );
INSERT INTO VENTES VALUES (268,18,37,25,312.50 );
INSERT INTO VENTES VALUES (319,18,7,18,312.50 );
INSERT INTO VENTES VALUES (340,18,63,40,312.50 );
INSERT INTO VENTES VALUES (385,18,23,50,312.50 );
INSERT INTO VENTES VALUES (390,18,70,8,312.50 );
INSERT INTO VENTES VALUES (395,18,88,4,312.50 );
INSERT INTO VENTES VALUES (396,18,34,20,312.50 );
INSERT INTO VENTES VALUES (467,18,45,12,312.50 );
INSERT INTO VENTES VALUES (496,18,63,24,312.50 );
INSERT INTO VENTES VALUES (505,18,75,21,312.50 );
INSERT INTO VENTES VALUES (534,18,23,30,312.50 );
INSERT INTO VENTES VALUES (579,18,47,25,312.50 );
INSERT INTO VENTES VALUES (587,18,6,10,312.50 );
INSERT INTO VENTES VALUES (590,18,89,20,312.50 );
INSERT INTO VENTES VALUES (624,18,67,25,312.50 );
INSERT INTO VENTES VALUES (678,18,88,4,312.50 );
INSERT INTO VENTES VALUES (689,18,74,6,312.50 );
INSERT INTO VENTES VALUES (699,18,37,8,312.50 );
INSERT INTO VENTES VALUES (755,18,48,10,312.50 );
INSERT INTO VENTES VALUES (757,18,27,8,312.50 );
INSERT INTO VENTES VALUES (769,18,59,35,312.50 );
INSERT INTO VENTES VALUES (34,19,69,1,36.50 );
INSERT INTO VENTES VALUES (36,19,46,18,36.50 );
INSERT INTO VENTES VALUES (52,19,67,15,36.50 );
INSERT INTO VENTES VALUES (82,19,75,10,36.50 );
INSERT INTO VENTES VALUES (98,19,63,80,36.50 );
INSERT INTO VENTES VALUES (166,19,21,18,36.50 );
INSERT INTO VENTES VALUES (169,19,87,20,36.50 );
INSERT INTO VENTES VALUES (173,19,61,4,36.50 );
INSERT INTO VENTES VALUES (199,19,67,40,36.50 );
INSERT INTO VENTES VALUES (240,19,62,5,36.50 );
INSERT INTO VENTES VALUES (303,19,30,10,46.00 );
INSERT INTO VENTES VALUES (309,19,71,35,46.00 );
INSERT INTO VENTES VALUES (375,19,38,5,46.00 );
INSERT INTO VENTES VALUES (377,19,25,15,46.00 );
INSERT INTO VENTES VALUES (397,19,61,30,46.00 );
INSERT INTO VENTES VALUES (404,19,86,12,46.00 );
INSERT INTO VENTES VALUES (425,19,80,7,46.00 );
INSERT INTO VENTES VALUES (428,19,32,30,46.00 );
INSERT INTO VENTES VALUES (448,19,47,7,46.00 );
INSERT INTO VENTES VALUES (460,19,27,5,46.00 );
INSERT INTO VENTES VALUES (461,19,71,12,46.00 );
INSERT INTO VENTES VALUES (534,19,63,50,46.00 );
INSERT INTO VENTES VALUES (542,19,88,24,46.00 );
INSERT INTO VENTES VALUES (562,19,47,15,46.00 );
INSERT INTO VENTES VALUES (574,19,70,2,46.00 );
INSERT INTO VENTES VALUES (582,19,71,12,46.00 );
INSERT INTO VENTES VALUES (621,19,5,25,46.00 );
INSERT INTO VENTES VALUES (641,19,90,12,46.00 );
INSERT INTO VENTES VALUES (673,19,2,7,46.00 );
INSERT INTO VENTES VALUES (751,19,25,50,46.00 );
INSERT INTO VENTES VALUES (756,19,34,35,46.00 );
INSERT INTO VENTES VALUES (817,19,89,42,46.00 );
INSERT INTO VENTES VALUES (822,19,9,10,46.00 );
INSERT INTO VENTES VALUES (25,20,65,6,324.00 );
INSERT INTO VENTES VALUES (125,20,62,12,324.00 );
INSERT INTO VENTES VALUES (137,20,5,28,324.00 );
INSERT INTO VENTES VALUES (266,20,20,39,405.00 );
INSERT INTO VENTES VALUES (276,20,72,15,405.00 );
INSERT INTO VENTES VALUES (346,20,44,21,405.00 );
INSERT INTO VENTES VALUES (411,20,36,21,405.00 );
INSERT INTO VENTES VALUES (573,20,64,5,405.00 );
INSERT INTO VENTES VALUES (625,20,63,20,405.00 );
INSERT INTO VENTES VALUES (674,20,40,5,405.00 );
INSERT INTO VENTES VALUES (685,20,4,50,405.00 );
INSERT INTO VENTES VALUES (756,20,63,15,405.00 );
INSERT INTO VENTES VALUES (822,20,65,1,405.00 );
INSERT INTO VENTES VALUES (12,21,13,10,40.00 );
INSERT INTO VENTES VALUES (13,21,61,20,40.00 );
INSERT INTO VENTES VALUES (86,21,87,10,40.00 );
INSERT INTO VENTES VALUES (121,21,20,5,40.00 );
INSERT INTO VENTES VALUES (149,21,60,10,40.00 );
INSERT INTO VENTES VALUES (159,21,62,30,40.00 );
INSERT INTO VENTES VALUES (184,21,20,50,40.00 );
INSERT INTO VENTES VALUES (212,21,46,40,40.00 );
INSERT INTO VENTES VALUES (231,21,60,21,40.00 );
INSERT INTO VENTES VALUES (238,21,11,14,40.00 );
INSERT INTO VENTES VALUES (255,21,89,12,50.00 );
INSERT INTO VENTES VALUES (266,21,86,40,50.00 );
INSERT INTO VENTES VALUES (291,21,11,15,50.00 );
INSERT INTO VENTES VALUES (303,21,30,6,50.00 );
INSERT INTO VENTES VALUES (361,21,18,6,50.00 );
INSERT INTO VENTES VALUES (366,21,6,8,50.00 );
INSERT INTO VENTES VALUES (374,21,51,42,50.00 );
INSERT INTO VENTES VALUES (377,21,25,25,50.00 );
INSERT INTO VENTES VALUES (392,21,73,30,50.00 );
INSERT INTO VENTES VALUES (408,21,63,60,50.00 );
INSERT INTO VENTES VALUES (428,21,32,12,50.00 );
INSERT INTO VENTES VALUES (464,21,64,5,50.00 );
INSERT INTO VENTES VALUES (464,21,25,32,50.00 );
INSERT INTO VENTES VALUES (482,21,47,30,50.00 );
INSERT INTO VENTES VALUES (484,21,14,40,50.00 );
INSERT INTO VENTES VALUES (515,21,23,40,50.00 );
INSERT INTO VENTES VALUES (590,21,89,40,50.00 );
INSERT INTO VENTES VALUES (621,21,90,20,50.00 );
INSERT INTO VENTES VALUES (627,21,45,40,50.00 );
INSERT INTO VENTES VALUES (674,21,25,60,50.00 );
INSERT INTO VENTES VALUES (686,21,6,12,50.00 );
INSERT INTO VENTES VALUES (695,21,50,40,50.00 );
INSERT INTO VENTES VALUES (743,21,20,65,50.00 );
INSERT INTO VENTES VALUES (762,21,55,15,50.00 );
INSERT INTO VENTES VALUES (764,21,32,20,50.00 );
INSERT INTO VENTES VALUES (771,21,6,3,50.00 );
INSERT INTO VENTES VALUES (100,25,21,10,56.00 );
INSERT INTO VENTES VALUES (115,25,9,50,56.00 );
INSERT INTO VENTES VALUES (146,25,71,7,56.00 );
INSERT INTO VENTES VALUES (220,25,49,12,56.00 );
INSERT INTO VENTES VALUES (245,25,10,60,56.00 );
INSERT INTO VENTES VALUES (513,25,50,12,70.00 );
INSERT INTO VENTES VALUES (514,25,65,35,70.00 );
INSERT INTO VENTES VALUES (542,25,88,15,70.00 );
INSERT INTO VENTES VALUES (561,25,42,5,70.00 );
INSERT INTO VENTES VALUES (574,25,41,10,70.00 );
INSERT INTO VENTES VALUES (579,25,47,6,70.00 );
INSERT INTO VENTES VALUES (583,25,84,20,70.00 );
INSERT INTO VENTES VALUES (586,25,67,10,70.00 );
INSERT INTO VENTES VALUES (671,25,47,24,70.00 );
INSERT INTO VENTES VALUES (37,27,44,15,175.50 );
INSERT INTO VENTES VALUES (194,27,55,50,175.50 );
INSERT INTO VENTES VALUES (267,27,63,120,219.50 );
INSERT INTO VENTES VALUES (351,27,65,50,219.50 );
INSERT INTO VENTES VALUES (513,27,50,40,219.50 );
INSERT INTO VENTES VALUES (589,27,40,10,219.50 );
INSERT INTO VENTES VALUES (695,27,20,30,219.50 );
INSERT INTO VENTES VALUES (16,30,20,60,103.50 );
INSERT INTO VENTES VALUES (35,30,69,6,103.50 );
INSERT INTO VENTES VALUES (59,30,69,10,103.50 );
INSERT INTO VENTES VALUES (82,30,75,8,103.50 );
INSERT INTO VENTES VALUES (91,30,55,15,103.50 );
INSERT INTO VENTES VALUES (133,30,37,18,103.50 );
INSERT INTO VENTES VALUES (153,30,65,18,103.50 );
INSERT INTO VENTES VALUES (212,30,46,28,103.50 );
INSERT INTO VENTES VALUES (274,30,44,20,129.45 );
INSERT INTO VENTES VALUES (276,30,5,10,129.45 );
INSERT INTO VENTES VALUES (284,30,19,15,129.45 );
INSERT INTO VENTES VALUES (287,30,44,10,129.45 );
INSERT INTO VENTES VALUES (313,30,25,20,129.45 );
INSERT INTO VENTES VALUES (399,30,21,30,129.45 );
INSERT INTO VENTES VALUES (404,30,31,2,129.45 );
INSERT INTO VENTES VALUES (467,30,45,3,129.45 );
INSERT INTO VENTES VALUES (482,30,62,15,129.45 );
INSERT INTO VENTES VALUES (485,30,31,15,129.45 );
INSERT INTO VENTES VALUES (502,30,68,30,129.45 );
INSERT INTO VENTES VALUES (531,30,62,15,129.45 );
INSERT INTO VENTES VALUES (541,30,73,25,129.45 );
INSERT INTO VENTES VALUES (618,30,5,40,129.45 );
INSERT INTO VENTES VALUES (632,30,44,15,129.45 );
INSERT INTO VENTES VALUES (634,30,37,36,129.45 );
INSERT INTO VENTES VALUES (671,30,69,1,129.45 );
INSERT INTO VENTES VALUES (752,30,70,15,129.45 );
INSERT INTO VENTES VALUES (817,30,46,4,129.45 );
INSERT INTO VENTES VALUES (6,31,34,20,50.00 );
INSERT INTO VENTES VALUES (25,31,65,40,50.00 );
INSERT INTO VENTES VALUES (26,31,63,15,50.00 );
INSERT INTO VENTES VALUES (88,31,37,25,50.00 );
INSERT INTO VENTES VALUES (95,31,25,56,50.00 );
INSERT INTO VENTES VALUES (109,31,86,30,50.00 );
INSERT INTO VENTES VALUES (112,31,72,70,50.00 );
INSERT INTO VENTES VALUES (116,31,17,20,50.00 );
INSERT INTO VENTES VALUES (126,31,91,30,50.00 );
INSERT INTO VENTES VALUES (130,31,51,42,50.00 );
INSERT INTO VENTES VALUES (144,31,20,60,50.00 );
INSERT INTO VENTES VALUES (146,31,71,32,50.00 );
INSERT INTO VENTES VALUES (176,31,31,14,50.00 );
INSERT INTO VENTES VALUES (289,31,44,20,62.50 );
INSERT INTO VENTES VALUES (289,31,68,30,62.50 );
INSERT INTO VENTES VALUES (302,31,63,55,62.50 );
INSERT INTO VENTES VALUES (305,31,87,30,62.50 );
INSERT INTO VENTES VALUES (317,31,65,6,62.50 );
INSERT INTO VENTES VALUES (319,31,37,60,62.50 );
INSERT INTO VENTES VALUES (323,31,65,35,62.50 );
INSERT INTO VENTES VALUES (330,31,80,20,62.50 );
INSERT INTO VENTES VALUES (337,31,7,50,62.50 );
INSERT INTO VENTES VALUES (408,31,62,20,62.50 );
INSERT INTO VENTES VALUES (418,31,86,8,62.50 );
INSERT INTO VENTES VALUES (427,31,55,20,62.50 );
INSERT INTO VENTES VALUES (469,31,71,50,62.50 );
INSERT INTO VENTES VALUES (483,31,9,3,62.50 );
INSERT INTO VENTES VALUES (497,31,59,8,62.50 );
INSERT INTO VENTES VALUES (520,31,4,50,62.50 );
INSERT INTO VENTES VALUES (523,31,20,70,62.50 );
INSERT INTO VENTES VALUES (527,31,20,16,62.50 );
INSERT INTO VENTES VALUES (529,31,12,1,62.50 );
INSERT INTO VENTES VALUES (530,31,34,10,62.50 );
INSERT INTO VENTES VALUES (562,31,66,16,62.50 );
INSERT INTO VENTES VALUES (572,31,7,35,62.50 );
INSERT INTO VENTES VALUES (587,31,55,14,62.50 );
INSERT INTO VENTES VALUES (628,31,34,35,62.50 );
INSERT INTO VENTES VALUES (680,31,71,44,62.50 );
INSERT INTO VENTES VALUES (681,31,52,10,62.50 );
INSERT INTO VENTES VALUES (685,31,4,50,62.50 );
INSERT INTO VENTES VALUES (686,31,47,25,62.50 );
INSERT INTO VENTES VALUES (695,31,20,24,62.50 );
INSERT INTO VENTES VALUES (752,31,4,15,62.50 );
INSERT INTO VENTES VALUES (821,31,44,20,62.50 );
INSERT INTO VENTES VALUES (11,32,20,6,128.00 );
INSERT INTO VENTES VALUES (67,32,65,40,128.00 );
INSERT INTO VENTES VALUES (88,32,37,6,128.00 );
INSERT INTO VENTES VALUES (266,32,86,50,160.00 );
INSERT INTO VENTES VALUES (298,32,72,24,160.00 );
INSERT INTO VENTES VALUES (325,32,5,10,160.00 );
INSERT INTO VENTES VALUES (506,32,2,10,160.00 );
INSERT INTO VENTES VALUES (567,32,49,20,160.00 );
INSERT INTO VENTES VALUES (642,32,64,6,160.00 );
INSERT INTO VENTES VALUES (699,32,37,35,160.00 );
INSERT INTO VENTES VALUES (745,32,46,50,160.00 );
INSERT INTO VENTES VALUES (765,32,86,15,160.00 );
INSERT INTO VENTES VALUES (769,32,59,20,160.00 );
INSERT INTO VENTES VALUES (822,32,65,1,160.00 );
INSERT INTO VENTES VALUES (22,33,89,60,10.00 );
INSERT INTO VENTES VALUES (23,33,75,24,10.00 );
INSERT INTO VENTES VALUES (26,33,63,20,10.00 );
INSERT INTO VENTES VALUES (93,33,73,8,10.00 );
INSERT INTO VENTES VALUES (135,33,20,60,10.00 );
INSERT INTO VENTES VALUES (163,33,10,49,10.00 );
INSERT INTO VENTES VALUES (166,33,21,50,10.00 );
INSERT INTO VENTES VALUES (168,33,36,20,10.00 );
INSERT INTO VENTES VALUES (205,33,41,20,10.00 );
INSERT INTO VENTES VALUES (227,33,38,12,10.00 );
INSERT INTO VENTES VALUES (267,33,63,16,12.50 );
INSERT INTO VENTES VALUES (281,33,32,8,12.50 );
INSERT INTO VENTES VALUES (289,33,44,30,12.50 );
INSERT INTO VENTES VALUES (291,33,11,15,12.50 );
INSERT INTO VENTES VALUES (316,33,66,20,12.50 );
INSERT INTO VENTES VALUES (326,33,82,14,12.50 );
INSERT INTO VENTES VALUES (359,33,71,14,12.50 );
INSERT INTO VENTES VALUES (384,33,86,20,12.50 );
INSERT INTO VENTES VALUES (425,33,3,8,12.50 );
INSERT INTO VENTES VALUES (426,33,71,30,12.50 );
INSERT INTO VENTES VALUES (428,33,3,30,12.50 );
INSERT INTO VENTES VALUES (565,33,71,16,12.50 );
INSERT INTO VENTES VALUES (583,33,84,4,12.50 );
INSERT INTO VENTES VALUES (590,33,89,35,12.50 );
INSERT INTO VENTES VALUES (641,33,62,40,12.50 );
INSERT INTO VENTES VALUES (642,33,80,30,12.50 );
INSERT INTO VENTES VALUES (685,33,68,15,12.50 );
INSERT INTO VENTES VALUES (693,33,40,7,12.50 );
INSERT INTO VENTES VALUES (757,33,19,30,12.50 );
INSERT INTO VENTES VALUES (765,33,10,15,12.50 );
INSERT INTO VENTES VALUES (770,33,12,10,12.50 );
INSERT INTO VENTES VALUES (40,34,67,20,56.00 );
INSERT INTO VENTES VALUES (68,34,38,14,56.00 );
INSERT INTO VENTES VALUES (111,34,41,10,56.00 );
INSERT INTO VENTES VALUES (119,34,83,36,56.00 );
INSERT INTO VENTES VALUES (139,34,21,10,56.00 );
INSERT INTO VENTES VALUES (238,34,89,35,56.00 );
INSERT INTO VENTES VALUES (326,34,3,40,70.00 );
INSERT INTO VENTES VALUES (441,34,83,14,70.00 );
INSERT INTO VENTES VALUES (450,34,71,12,70.00 );
INSERT INTO VENTES VALUES (505,34,71,30,70.00 );
INSERT INTO VENTES VALUES (542,34,77,10,70.00 );
INSERT INTO VENTES VALUES (631,34,18,10,70.00 );
INSERT INTO VENTES VALUES (679,34,12,20,70.00 );
INSERT INTO VENTES VALUES (743,34,20,60,70.00 );
INSERT INTO VENTES VALUES (750,34,20,90,70.00 );
INSERT INTO VENTES VALUES (772,34,37,30,70.00 );
INSERT INTO VENTES VALUES (817,34,89,35,70.00 );
INSERT INTO VENTES VALUES (13,35,61,20,72.00 );
INSERT INTO VENTES VALUES (34,35,69,4,72.00 );
INSERT INTO VENTES VALUES (39,35,63,100,72.00 );
INSERT INTO VENTES VALUES (73,35,38,10,72.00 );
INSERT INTO VENTES VALUES (77,35,71,70,72.00 );
INSERT INTO VENTES VALUES (144,35,20,40,72.00 );
INSERT INTO VENTES VALUES (151,35,71,30,72.00 );
INSERT INTO VENTES VALUES (153,35,19,35,72.00 );
INSERT INTO VENTES VALUES (176,35,51,60,72.00 );
INSERT INTO VENTES VALUES (196,35,5,8,72.00 );
INSERT INTO VENTES VALUES (273,35,12,3,90.00 );
INSERT INTO VENTES VALUES (298,35,84,30,90.00 );
INSERT INTO VENTES VALUES (303,35,28,20,90.00 );
INSERT INTO VENTES VALUES (305,35,87,6,90.00 );
INSERT INTO VENTES VALUES (331,35,11,20,90.00 );
INSERT INTO VENTES VALUES (339,35,61,20,90.00 );
INSERT INTO VENTES VALUES (341,35,32,4,90.00 );
INSERT INTO VENTES VALUES (347,35,20,30,90.00 );
INSERT INTO VENTES VALUES (377,35,25,30,90.00 );
INSERT INTO VENTES VALUES (448,35,47,9,90.00 );
INSERT INTO VENTES VALUES (468,35,61,21,90.00 );
INSERT INTO VENTES VALUES (491,35,89,35,90.00 );
INSERT INTO VENTES VALUES (534,35,23,15,90.00 );
INSERT INTO VENTES VALUES (568,35,75,20,90.00 );
INSERT INTO VENTES VALUES (574,35,70,8,90.00 );
INSERT INTO VENTES VALUES (576,35,20,6,90.00 );
INSERT INTO VENTES VALUES (581,35,63,25,90.00 );
INSERT INTO VENTES VALUES (617,35,4,4,90.00 );
INSERT INTO VENTES VALUES (619,35,62,30,90.00 );
INSERT INTO VENTES VALUES (619,35,91,3,90.00 );
INSERT INTO VENTES VALUES (672,35,83,10,90.00 );
INSERT INTO VENTES VALUES (748,35,71,15,90.00 );
INSERT INTO VENTES VALUES (763,35,47,24,90.00 );
INSERT INTO VENTES VALUES (765,35,86,18,90.00 );
INSERT INTO VENTES VALUES (8,36,68,25,76.00 );
INSERT INTO VENTES VALUES (23,36,87,30,76.00 );
INSERT INTO VENTES VALUES (51,36,37,40,76.00 );
INSERT INTO VENTES VALUES (66,36,63,12,76.00 );
INSERT INTO VENTES VALUES (90,36,25,20,76.00 );
INSERT INTO VENTES VALUES (95,36,25,40,76.00 );
INSERT INTO VENTES VALUES (111,36,41,20,76.00 );
INSERT INTO VENTES VALUES (124,36,41,6,76.00 );
INSERT INTO VENTES VALUES (159,36,62,5,76.00 );
INSERT INTO VENTES VALUES (277,36,9,30,95.00 );
INSERT INTO VENTES VALUES (280,36,63,30,95.00 );
INSERT INTO VENTES VALUES (298,36,72,60,95.00 );
INSERT INTO VENTES VALUES (317,36,67,25,95.00 );
INSERT INTO VENTES VALUES (362,36,41,21,95.00 );
INSERT INTO VENTES VALUES (365,36,71,55,95.00 );
INSERT INTO VENTES VALUES (396,36,34,15,95.00 );
INSERT INTO VENTES VALUES (418,36,73,30,95.00 );
INSERT INTO VENTES VALUES (433,36,37,6,95.00 );
INSERT INTO VENTES VALUES (457,36,77,5,95.00 );
INSERT INTO VENTES VALUES (490,36,85,6,95.00 );
INSERT INTO VENTES VALUES (505,36,75,20,95.00 );
INSERT INTO VENTES VALUES (530,36,49,30,95.00 );
INSERT INTO VENTES VALUES (579,36,47,50,95.00 );
INSERT INTO VENTES VALUES (673,36,34,25,95.00 );
INSERT INTO VENTES VALUES (678,36,32,30,95.00 );
INSERT INTO VENTES VALUES (699,36,71,40,95.00 );
INSERT INTO VENTES VALUES (750,36,30,18,95.00 );
INSERT INTO VENTES VALUES (752,36,4,16,95.00 );
INSERT INTO VENTES VALUES (759,36,89,35,95.00 );
INSERT INTO VENTES VALUES (12,37,13,1,104.00 );
INSERT INTO VENTES VALUES (90,37,25,28,104.00 );
INSERT INTO VENTES VALUES (161,37,23,10,104.00 );
INSERT INTO VENTES VALUES (276,37,72,18,130.00 );
INSERT INTO VENTES VALUES (582,37,71,60,130.00 );
INSERT INTO VENTES VALUES (689,37,14,8,130.00 );
INSERT INTO VENTES VALUES (82,38,75,20,1054.00 );
INSERT INTO VENTES VALUES (104,38,20,20,1054.00 );
INSERT INTO VENTES VALUES (106,38,59,50,1054.00 );
INSERT INTO VENTES VALUES (113,38,7,10,1054.00 );
INSERT INTO VENTES VALUES (125,38,62,40,1054.00 );
INSERT INTO VENTES VALUES (169,38,73,50,1054.00 );
INSERT INTO VENTES VALUES (176,38,51,49,1054.00 );
INSERT INTO VENTES VALUES (233,38,65,30,1054.00 );
INSERT INTO VENTES VALUES (269,38,80,15,1317.50 );
INSERT INTO VENTES VALUES (294,38,63,30,1317.50 );
INSERT INTO VENTES VALUES (294,38,34,4,1317.50 );
INSERT INTO VENTES VALUES (368,38,32,15,1317.50 );
INSERT INTO VENTES VALUES (420,38,5,15,1317.50 );
INSERT INTO VENTES VALUES (530,38,34,5,1317.50 );
INSERT INTO VENTES VALUES (542,38,77,10,1317.50 );
INSERT INTO VENTES VALUES (566,38,32,30,1317.50 );
INSERT INTO VENTES VALUES (573,38,64,2,1317.50 );
INSERT INTO VENTES VALUES (574,38,70,8,1317.50 );
INSERT INTO VENTES VALUES (617,38,63,60,1317.50 );
INSERT INTO VENTES VALUES (631,38,65,40,1317.50 );
INSERT INTO VENTES VALUES (689,38,74,5,1317.50 );
INSERT INTO VENTES VALUES (696,38,34,60,1317.50 );
INSERT INTO VENTES VALUES (759,38,89,25,1317.50 );
INSERT INTO VENTES VALUES (6,39,34,42,72.00 );
INSERT INTO VENTES VALUES (50,39,7,60,72.00 );
INSERT INTO VENTES VALUES (58,39,55,30,72.00 );
INSERT INTO VENTES VALUES (100,39,21,50,72.00 );
INSERT INTO VENTES VALUES (113,39,63,54,72.00 );
INSERT INTO VENTES VALUES (130,39,72,20,72.00 );
INSERT INTO VENTES VALUES (198,39,5,6,72.00 );
INSERT INTO VENTES VALUES (208,39,87,20,72.00 );
INSERT INTO VENTES VALUES (231,39,60,20,72.00 );
INSERT INTO VENTES VALUES (330,39,82,10,90.00 );
INSERT INTO VENTES VALUES (366,39,6,5,90.00 );
INSERT INTO VENTES VALUES (395,39,4,21,90.00 );
INSERT INTO VENTES VALUES (397,39,61,20,90.00 );
INSERT INTO VENTES VALUES (405,39,5,20,90.00 );
INSERT INTO VENTES VALUES (412,39,37,3,90.00 );
INSERT INTO VENTES VALUES (515,39,20,130,90.00 );
INSERT INTO VENTES VALUES (530,39,49,2,90.00 );
INSERT INTO VENTES VALUES (572,39,9,21,90.00 );
INSERT INTO VENTES VALUES (579,39,47,10,90.00 );
INSERT INTO VENTES VALUES (617,39,63,80,90.00 );
INSERT INTO VENTES VALUES (633,39,20,45,90.00 );
INSERT INTO VENTES VALUES (635,39,46,8,90.00 );
INSERT INTO VENTES VALUES (820,39,80,20,90.00 );
INSERT INTO VENTES VALUES (822,39,65,2,90.00 );
INSERT INTO VENTES VALUES (20,40,25,50,73.50 );
INSERT INTO VENTES VALUES (26,40,63,60,73.50 );
INSERT INTO VENTES VALUES (38,40,63,40,73.50 );
INSERT INTO VENTES VALUES (54,40,86,10,73.50 );
INSERT INTO VENTES VALUES (56,40,30,40,73.50 );
INSERT INTO VENTES VALUES (100,40,21,4,73.50 );
INSERT INTO VENTES VALUES (159,40,62,2,73.50 );
INSERT INTO VENTES VALUES (184,40,10,50,73.50 );
INSERT INTO VENTES VALUES (201,40,64,20,73.50 );
INSERT INTO VENTES VALUES (219,40,83,20,73.50 );
INSERT INTO VENTES VALUES (235,40,43,10,73.50 );
INSERT INTO VENTES VALUES (238,40,11,10,73.50 );
INSERT INTO VENTES VALUES (274,40,44,25,92.00 );
INSERT INTO VENTES VALUES (277,40,9,15,92.00 );
INSERT INTO VENTES VALUES (287,40,44,10,92.00 );
INSERT INTO VENTES VALUES (288,40,3,10,92.00 );
INSERT INTO VENTES VALUES (325,40,5,50,92.00 );
INSERT INTO VENTES VALUES (326,40,82,2,92.00 );
INSERT INTO VENTES VALUES (359,40,71,42,92.00 );
INSERT INTO VENTES VALUES (408,40,63,70,92.00 );
INSERT INTO VENTES VALUES (408,40,62,24,92.00 );
INSERT INTO VENTES VALUES (413,40,9,30,92.00 );
INSERT INTO VENTES VALUES (482,40,62,6,92.00 );
INSERT INTO VENTES VALUES (495,40,83,50,92.00 );
INSERT INTO VENTES VALUES (498,40,71,40,92.00 );
INSERT INTO VENTES VALUES (503,40,49,3,92.00 );
INSERT INTO VENTES VALUES (543,40,27,1,92.00 );
INSERT INTO VENTES VALUES (562,40,47,30,92.00 );
INSERT INTO VENTES VALUES (576,40,5,25,92.00 );
INSERT INTO VENTES VALUES (625,40,90,12,92.00 );
INSERT INTO VENTES VALUES (633,40,20,91,92.00 );
INSERT INTO VENTES VALUES (671,40,47,20,92.00 );
INSERT INTO VENTES VALUES (695,40,50,10,92.00 );
INSERT INTO VENTES VALUES (748,40,78,10,92.00 );
INSERT INTO VENTES VALUES (772,40,37,40,92.00 );
INSERT INTO VENTES VALUES (835,41,34,10,38.50 );
INSERT INTO VENTES VALUES (69,41,65,10,38.50 );
INSERT INTO VENTES VALUES (71,41,38,20,38.50 );
INSERT INTO VENTES VALUES (93,41,9,12,38.50 );
INSERT INTO VENTES VALUES (104,41,20,13,38.50 );
INSERT INTO VENTES VALUES (132,41,61,8,38.50 );
INSERT INTO VENTES VALUES (163,41,10,25,38.50 );
INSERT INTO VENTES VALUES (196,41,5,30,38.50 );
INSERT INTO VENTES VALUES (247,41,42,20,38.50 );
INSERT INTO VENTES VALUES (268,41,37,80,48.25 );
INSERT INTO VENTES VALUES (273,41,12,10,48.25 );
INSERT INTO VENTES VALUES (276,41,72,6,48.25 );
INSERT INTO VENTES VALUES (312,41,7,12,48.25 );
INSERT INTO VENTES VALUES (406,41,66,20,48.25 );
INSERT INTO VENTES VALUES (407,41,71,24,48.25 );
INSERT INTO VENTES VALUES (426,41,71,120,48.25 );
INSERT INTO VENTES VALUES (432,41,31,4,48.25 );
INSERT INTO VENTES VALUES (461,41,71,42,48.25 );
INSERT INTO VENTES VALUES (471,41,21,12,48.25 );
INSERT INTO VENTES VALUES (489,41,85,12,48.25 );
INSERT INTO VENTES VALUES (497,41,59,35,48.25 );
INSERT INTO VENTES VALUES (520,41,83,30,48.25 );
INSERT INTO VENTES VALUES (528,41,5,10,48.25 );
INSERT INTO VENTES VALUES (535,41,25,20,48.25 );
INSERT INTO VENTES VALUES (536,41,4,14,48.25 );
INSERT INTO VENTES VALUES (565,41,84,20,48.25 );
INSERT INTO VENTES VALUES (567,41,49,20,48.25 );
INSERT INTO VENTES VALUES (631,41,18,14,48.25 );
INSERT INTO VENTES VALUES (641,41,70,5,48.25 );
INSERT INTO VENTES VALUES (685,41,68,6,48.25 );
INSERT INTO VENTES VALUES (693,41,40,6,48.25 );
INSERT INTO VENTES VALUES (700,41,61,4,48.25 );
INSERT INTO VENTES VALUES (752,41,47,28,48.25 );
INSERT INTO VENTES VALUES (772,41,37,30,48.25 );
INSERT INTO VENTES VALUES (817,41,71,12,48.25 );
INSERT INTO VENTES VALUES (820,41,17,9,48.25 );
INSERT INTO VENTES VALUES (821,41,20,40,48.25 );
INSERT INTO VENTES VALUES (822,41,65,3,48.25 );
INSERT INTO VENTES VALUES (1,42,85,10,49.00 );
INSERT INTO VENTES VALUES (62,42,37,2,56.00 );
INSERT INTO VENTES VALUES (63,42,18,6,56.00 );
INSERT INTO VENTES VALUES (85,42,51,10,56.00 );
INSERT INTO VENTES VALUES (98,42,63,9,56.00 );
INSERT INTO VENTES VALUES (156,42,49,40,56.00 );
INSERT INTO VENTES VALUES (245,42,10,20,56.00 );
INSERT INTO VENTES VALUES (268,42,37,20,70.00 );
INSERT INTO VENTES VALUES (324,42,20,28,70.00 );
INSERT INTO VENTES VALUES (340,42,63,100,70.00 );
INSERT INTO VENTES VALUES (378,42,2,5,70.00 );
INSERT INTO VENTES VALUES (404,42,31,20,70.00 );
INSERT INTO VENTES VALUES (413,42,9,30,70.00 );
INSERT INTO VENTES VALUES (421,42,90,6,70.00 );
INSERT INTO VENTES VALUES (427,42,55,40,70.00 );
INSERT INTO VENTES VALUES (497,42,14,28,70.00 );
INSERT INTO VENTES VALUES (527,42,20,12,70.00 );
INSERT INTO VENTES VALUES (527,42,31,20,70.00 );
INSERT INTO VENTES VALUES (581,42,63,42,70.00 );
INSERT INTO VENTES VALUES (588,42,3,20,70.00 );
INSERT INTO VENTES VALUES (626,42,71,25,70.00 );
INSERT INTO VENTES VALUES (672,42,41,10,70.00 );
INSERT INTO VENTES VALUES (744,42,63,40,70.00 );
INSERT INTO VENTES VALUES (748,42,71,24,70.00 );
INSERT INTO VENTES VALUES (750,42,60,14,70.00 );
INSERT INTO VENTES VALUES (751,42,69,4,70.00 );
INSERT INTO VENTES VALUES (23,43,87,25,184.00 );
INSERT INTO VENTES VALUES (47,43,65,15,184.00 );
INSERT INTO VENTES VALUES (62,43,37,20,184.00 );
INSERT INTO VENTES VALUES (65,43,86,24,184.00 );
INSERT INTO VENTES VALUES (93,43,9,40,184.00 );
INSERT INTO VENTES VALUES (218,43,28,3,184.00 );
INSERT INTO VENTES VALUES (259,43,3,15,230.00 );
INSERT INTO VENTES VALUES (276,43,5,60,230.00 );
INSERT INTO VENTES VALUES (283,43,59,25,230.00 );
INSERT INTO VENTES VALUES (395,43,88,20,230.00 );
INSERT INTO VENTES VALUES (421,43,90,6,230.00 );
INSERT INTO VENTES VALUES (443,43,63,40,230.00 );
INSERT INTO VENTES VALUES (456,43,55,24,230.00 );
INSERT INTO VENTES VALUES (513,43,50,30,230.00 );
INSERT INTO VENTES VALUES (565,43,84,20,230.00 );
INSERT INTO VENTES VALUES (567,43,12,7,230.00 );
INSERT INTO VENTES VALUES (574,43,70,9,230.00 );
INSERT INTO VENTES VALUES (580,43,80,5,230.00 );
INSERT INTO VENTES VALUES (672,43,41,10,230.00 );
INSERT INTO VENTES VALUES (679,43,63,24,230.00 );
INSERT INTO VENTES VALUES (696,43,10,9,230.00 );
INSERT INTO VENTES VALUES (700,43,19,6,230.00 );
INSERT INTO VENTES VALUES (756,43,11,30,230.00 );
INSERT INTO VENTES VALUES (769,43,34,30,230.00 );
INSERT INTO VENTES VALUES (820,43,62,36,230.00 );
INSERT INTO VENTES VALUES (31,44,5,16,77.50 );
INSERT INTO VENTES VALUES (37,44,44,21,77.50 );
INSERT INTO VENTES VALUES (44,44,61,24,77.50 );
INSERT INTO VENTES VALUES (104,44,20,77,77.50 );
INSERT INTO VENTES VALUES (163,44,10,40,77.50 );
INSERT INTO VENTES VALUES (204,44,71,100,77.50 );
INSERT INTO VENTES VALUES (224,44,89,2,77.50 );
INSERT INTO VENTES VALUES (864,44,28,15,77.50 );
INSERT INTO VENTES VALUES (269,44,80,9,97.25 );
INSERT INTO VENTES VALUES (303,44,28,40,97.25 );
INSERT INTO VENTES VALUES (330,44,80,21,97.25 );
INSERT INTO VENTES VALUES (377,44,78,10,97.25 );
INSERT INTO VENTES VALUES (407,44,32,28,97.25 );
INSERT INTO VENTES VALUES (425,44,80,21,97.25 );
INSERT INTO VENTES VALUES (443,44,63,24,97.25 );
INSERT INTO VENTES VALUES (469,44,63,50,97.25 );
INSERT INTO VENTES VALUES (496,44,63,16,97.25 );
INSERT INTO VENTES VALUES (574,44,41,16,97.25 );
INSERT INTO VENTES VALUES (681,44,10,18,97.25 );
INSERT INTO VENTES VALUES (695,44,50,6,97.25 );
INSERT INTO VENTES VALUES (762,44,55,12,97.25 );
INSERT INTO VENTES VALUES (764,44,15,15,97.25 );
INSERT INTO VENTES VALUES (40,46,67,15,48.00 );
INSERT INTO VENTES VALUES (77,46,71,30,48.00 );
INSERT INTO VENTES VALUES (144,46,20,45,48.00 );
INSERT INTO VENTES VALUES (169,46,73,2,48.00 );
INSERT INTO VENTES VALUES (181,46,66,20,48.00 );
INSERT INTO VENTES VALUES (189,46,7,5,48.00 );
INSERT INTO VENTES VALUES (205,46,41,10,48.00 );
INSERT INTO VENTES VALUES (211,46,84,20,48.00 );
INSERT INTO VENTES VALUES (220,46,15,5,48.00 );
INSERT INTO VENTES VALUES (265,46,21,9,60.00 );
INSERT INTO VENTES VALUES (395,46,4,2,60.00 );
INSERT INTO VENTES VALUES (395,46,88,21,60.00 );
INSERT INTO VENTES VALUES (407,46,71,45,60.00 );
INSERT INTO VENTES VALUES (419,46,25,60,60.00 );
INSERT INTO VENTES VALUES (448,46,89,18,60.00 );
INSERT INTO VENTES VALUES (462,46,71,24,60.00 );
INSERT INTO VENTES VALUES (495,46,4,28,60.00 );
INSERT INTO VENTES VALUES (565,46,67,35,60.00 );
INSERT INTO VENTES VALUES (624,46,9,21,60.00 );
INSERT INTO VENTES VALUES (680,46,11,15,60.00 );
INSERT INTO VENTES VALUES (692,46,15,9,60.00 );
INSERT INTO VENTES VALUES (745,46,46,20,60.00 );
INSERT INTO VENTES VALUES (755,46,64,3,60.00 );
INSERT INTO VENTES VALUES (822,46,68,30,60.00 );
INSERT INTO VENTES VALUES (822,46,65,3,60.00 );
INSERT INTO VENTES VALUES (85,47,51,16,38.00 );
INSERT INTO VENTES VALUES (171,47,63,55,38.00 );
INSERT INTO VENTES VALUES (184,47,10,30,38.00 );
INSERT INTO VENTES VALUES (234,47,23,30,38.00 );
INSERT INTO VENTES VALUES (265,47,21,6,47.50 );
INSERT INTO VENTES VALUES (311,47,4,25,47.50 );
INSERT INTO VENTES VALUES (338,47,88,15,47.50 );
INSERT INTO VENTES VALUES (407,47,32,6,47.50 );
INSERT INTO VENTES VALUES (407,47,71,10,47.50 );
INSERT INTO VENTES VALUES (432,47,31,15,47.50 );
INSERT INTO VENTES VALUES (449,47,52,12,47.50 );
INSERT INTO VENTES VALUES (460,47,27,5,47.50 );
INSERT INTO VENTES VALUES (462,47,71,50,47.50 );
INSERT INTO VENTES VALUES (504,47,9,30,47.50 );
INSERT INTO VENTES VALUES (576,47,5,40,47.50 );
INSERT INTO VENTES VALUES (621,47,5,21,47.50 );
INSERT INTO VENTES VALUES (686,47,6,14,47.50 );
INSERT INTO VENTES VALUES (156,48,20,70,51.00 );
INSERT INTO VENTES VALUES (205,48,4,15,51.00 );
INSERT INTO VENTES VALUES (259,48,3,15,63.75 );
INSERT INTO VENTES VALUES (355,48,28,6,63.75 );
INSERT INTO VENTES VALUES (454,48,62,24,63.75 );
INSERT INTO VENTES VALUES (565,48,84,8,63.75 );
INSERT INTO VENTES VALUES (6,49,34,40,80.00 );
INSERT INTO VENTES VALUES (44,49,15,15,80.00 );
INSERT INTO VENTES VALUES (57,49,80,30,80.00 );
INSERT INTO VENTES VALUES (113,49,7,35,80.00 );
INSERT INTO VENTES VALUES (153,49,19,30,80.00 );
INSERT INTO VENTES VALUES (156,49,49,30,80.00 );
INSERT INTO VENTES VALUES (234,49,67,24,80.00 );
INSERT INTO VENTES VALUES (252,49,46,25,100.00 );
INSERT INTO VENTES VALUES (291,49,11,6,100.00 );
INSERT INTO VENTES VALUES (355,49,71,25,100.00 );
INSERT INTO VENTES VALUES (365,49,71,18,100.00 );
INSERT INTO VENTES VALUES (542,49,72,4,100.00 );
INSERT INTO VENTES VALUES (619,49,62,42,100.00 );
INSERT INTO VENTES VALUES (621,49,5,15,100.00 );
INSERT INTO VENTES VALUES (626,49,71,20,100.00 );
INSERT INTO VENTES VALUES (641,49,90,10,100.00 );
INSERT INTO VENTES VALUES (680,49,66,28,100.00 );
INSERT INTO VENTES VALUES (755,49,64,2,100.00 );
INSERT INTO VENTES VALUES (763,49,47,60,100.00 );
INSERT INTO VENTES VALUES (104,50,41,15,65.00 );
INSERT INTO VENTES VALUES (137,50,4,15,65.00 );
INSERT INTO VENTES VALUES (182,50,37,40,65.00 );
INSERT INTO VENTES VALUES (219,50,83,25,65.00 );
INSERT INTO VENTES VALUES (389,50,62,25,81.25 );
INSERT INTO VENTES VALUES (482,50,47,40,81.25 );
INSERT INTO VENTES VALUES (502,50,68,20,81.25 );
INSERT INTO VENTES VALUES (672,50,4,24,81.25 );
INSERT INTO VENTES VALUES (682,50,30,9,81.25 );
INSERT INTO VENTES VALUES (821,50,20,22,81.25 );
INSERT INTO VENTES VALUES (835,51,34,35,212.00 );
INSERT INTO VENTES VALUES (44,51,61,2,212.00 );
INSERT INTO VENTES VALUES (88,51,37,48,212.00 );
INSERT INTO VENTES VALUES (115,51,9,20,212.00 );
INSERT INTO VENTES VALUES (149,51,60,18,212.00 );
INSERT INTO VENTES VALUES (226,51,72,18,212.00 );
INSERT INTO VENTES VALUES (238,51,11,3,212.00 );
INSERT INTO VENTES VALUES (289,51,68,6,265.00 );
INSERT INTO VENTES VALUES (302,51,63,48,265.00 );
INSERT INTO VENTES VALUES (309,51,71,20,265.00 );
INSERT INTO VENTES VALUES (311,51,4,20,265.00 );
INSERT INTO VENTES VALUES (319,51,37,3,265.00 );
INSERT INTO VENTES VALUES (385,51,23,15,265.00 );
INSERT INTO VENTES VALUES (413,51,9,20,265.00 );
INSERT INTO VENTES VALUES (414,51,48,20,265.00 );
INSERT INTO VENTES VALUES (457,51,31,28,265.00 );
INSERT INTO VENTES VALUES (464,51,64,7,265.00 );
INSERT INTO VENTES VALUES (484,51,14,30,265.00 );
INSERT INTO VENTES VALUES (527,51,20,120,265.00 );
INSERT INTO VENTES VALUES (538,51,72,10,265.00 );
INSERT INTO VENTES VALUES (541,51,73,30,265.00 );
INSERT INTO VENTES VALUES (568,51,75,6,265.00 );
INSERT INTO VENTES VALUES (581,51,84,4,265.00 );
INSERT INTO VENTES VALUES (589,51,26,3,265.00 );
INSERT INTO VENTES VALUES (619,51,91,2,265.00 );
INSERT INTO VENTES VALUES (682,51,30,40,265.00 );
INSERT INTO VENTES VALUES (686,51,6,8,265.00 );
INSERT INTO VENTES VALUES (689,51,55,16,265.00 );
INSERT INTO VENTES VALUES (756,51,63,44,265.00 );
INSERT INTO VENTES VALUES (757,51,27,10,265.00 );
INSERT INTO VENTES VALUES (765,51,10,24,265.00 );
INSERT INTO VENTES VALUES (87,52,84,8,28.00 );
INSERT INTO VENTES VALUES (141,52,72,20,28.00 );
INSERT INTO VENTES VALUES (202,52,7,20,28.00 );
INSERT INTO VENTES VALUES (268,52,53,6,35.00 );
INSERT INTO VENTES VALUES (311,52,4,30,35.00 );
INSERT INTO VENTES VALUES (317,52,67,70,35.00 );
INSERT INTO VENTES VALUES (339,52,66,4,35.00 );
INSERT INTO VENTES VALUES (346,52,55,24,35.00 );
INSERT INTO VENTES VALUES (375,52,42,5,35.00 );
INSERT INTO VENTES VALUES (429,52,18,9,35.00 );
INSERT INTO VENTES VALUES (471,52,21,4,35.00 );
INSERT INTO VENTES VALUES (485,52,5,25,35.00 );
INSERT INTO VENTES VALUES (490,52,85,18,35.00 );
INSERT INTO VENTES VALUES (506,52,68,60,35.00 );
INSERT INTO VENTES VALUES (520,52,83,15,35.00 );
INSERT INTO VENTES VALUES (536,52,4,8,35.00 );
INSERT INTO VENTES VALUES (561,52,88,20,35.00 );
INSERT INTO VENTES VALUES (590,52,44,8,35.00 );
INSERT INTO VENTES VALUES (641,52,66,14,35.00 );
INSERT INTO VENTES VALUES (673,52,34,12,35.00 );
INSERT INTO VENTES VALUES (674,52,40,5,35.00 );
INSERT INTO VENTES VALUES (688,52,62,6,35.00 );
INSERT INTO VENTES VALUES (693,52,8,40,35.00 );
INSERT INTO VENTES VALUES (745,52,46,20,35.00 );
INSERT INTO VENTES VALUES (748,52,78,10,35.00 );
INSERT INTO VENTES VALUES (822,52,65,2,35.00 );
INSERT INTO VENTES VALUES (9,53,88,15,131.00 );
INSERT INTO VENTES VALUES (38,53,63,36,131.00 );
INSERT INTO VENTES VALUES (59,53,69,10,131.00 );
INSERT INTO VENTES VALUES (65,53,86,20,131.00 );
INSERT INTO VENTES VALUES (133,53,37,20,131.00 );
INSERT INTO VENTES VALUES (141,53,72,40,131.00 );
INSERT INTO VENTES VALUES (169,53,87,10,131.00 );
INSERT INTO VENTES VALUES (173,53,61,15,131.00 );
INSERT INTO VENTES VALUES (189,53,87,15,131.00 );
INSERT INTO VENTES VALUES (208,53,87,50,131.00 );
INSERT INTO VENTES VALUES (233,53,65,28,131.00 );
INSERT INTO VENTES VALUES (255,53,89,10,164.00 );
INSERT INTO VENTES VALUES (273,53,70,5,164.00 );
INSERT INTO VENTES VALUES (311,53,4,18,164.00 );
INSERT INTO VENTES VALUES (326,53,3,25,164.00 );
INSERT INTO VENTES VALUES (381,53,5,12,164.00 );
INSERT INTO VENTES VALUES (399,53,21,25,164.00 );
INSERT INTO VENTES VALUES (422,53,25,10,164.00 );
INSERT INTO VENTES VALUES (461,53,71,120,164.00 );
INSERT INTO VENTES VALUES (461,53,37,3,164.00 );
INSERT INTO VENTES VALUES (569,53,17,20,164.00 );
INSERT INTO VENTES VALUES (618,53,48,3,164.00 );
INSERT INTO VENTES VALUES (675,53,38,2,164.00 );
INSERT INTO VENTES VALUES (688,53,63,20,164.00 );
INSERT INTO VENTES VALUES (759,53,68,70,164.00 );
INSERT INTO VENTES VALUES (772,53,66,10,164.00 );
INSERT INTO VENTES VALUES (817,53,71,25,164.00 );
INSERT INTO VENTES VALUES (41,54,66,10,29.50 );
INSERT INTO VENTES VALUES (59,54,69,5,29.50 );
INSERT INTO VENTES VALUES (83,54,9,15,29.50 );
INSERT INTO VENTES VALUES (102,54,75,24,29.50 );
INSERT INTO VENTES VALUES (105,54,28,20,29.50 );
INSERT INTO VENTES VALUES (113,54,7,28,29.50 );
INSERT INTO VENTES VALUES (115,54,9,24,29.50 );
INSERT INTO VENTES VALUES (119,54,83,18,29.50 );
INSERT INTO VENTES VALUES (128,54,36,10,29.50 );
INSERT INTO VENTES VALUES (161,54,23,6,29.50 );
INSERT INTO VENTES VALUES (185,54,75,40,29.50 );
INSERT INTO VENTES VALUES (195,54,20,80,29.50 );
INSERT INTO VENTES VALUES (198,54,5,15,29.50 );
INSERT INTO VENTES VALUES (203,54,84,6,29.50 );
INSERT INTO VENTES VALUES (240,54,62,24,29.50 );
INSERT INTO VENTES VALUES (253,54,6,20,37.25 );
INSERT INTO VENTES VALUES (276,54,5,15,37.25 );
INSERT INTO VENTES VALUES (287,54,44,10,37.25 );
INSERT INTO VENTES VALUES (344,54,83,50,37.25 );
INSERT INTO VENTES VALUES (353,54,36,4,37.25 );
INSERT INTO VENTES VALUES (399,54,21,30,37.25 );
INSERT INTO VENTES VALUES (405,54,5,6,37.25 );
INSERT INTO VENTES VALUES (426,54,71,30,37.25 );
INSERT INTO VENTES VALUES (446,54,89,60,37.25 );
INSERT INTO VENTES VALUES (464,54,25,15,37.25 );
INSERT INTO VENTES VALUES (467,54,45,40,37.25 );
INSERT INTO VENTES VALUES (529,54,87,3,37.25 );
INSERT INTO VENTES VALUES (535,54,91,3,37.25 );
INSERT INTO VENTES VALUES (536,54,61,6,37.25 );
INSERT INTO VENTES VALUES (538,54,72,7,37.25 );
INSERT INTO VENTES VALUES (589,54,25,35,37.25 );
INSERT INTO VENTES VALUES (626,54,71,32,37.25 );
INSERT INTO VENTES VALUES (642,54,80,10,37.25 );
INSERT INTO VENTES VALUES (817,54,46,20,37.25 );
INSERT INTO VENTES VALUES (7,55,14,21,96.00 );
INSERT INTO VENTES VALUES (34,55,5,20,96.00 );
INSERT INTO VENTES VALUES (95,55,25,40,96.00 );
INSERT INTO VENTES VALUES (109,55,86,12,96.00 );
INSERT INTO VENTES VALUES (142,55,10,15,96.00 );
INSERT INTO VENTES VALUES (151,55,71,120,96.00 );
INSERT INTO VENTES VALUES (178,55,41,10,96.00 );
INSERT INTO VENTES VALUES (203,55,63,120,96.00 );
INSERT INTO VENTES VALUES (212,55,46,60,96.00 );
INSERT INTO VENTES VALUES (239,55,47,30,96.00 );
INSERT INTO VENTES VALUES (282,55,50,14,120.00 );
INSERT INTO VENTES VALUES (312,55,7,18,120.00 );
INSERT INTO VENTES VALUES (317,55,65,25,120.00 );
INSERT INTO VENTES VALUES (367,55,90,5,120.00 );
INSERT INTO VENTES VALUES (418,55,86,4,120.00 );
INSERT INTO VENTES VALUES (456,55,4,21,120.00 );
INSERT INTO VENTES VALUES (471,55,21,6,120.00 );
INSERT INTO VENTES VALUES (482,55,62,12,120.00 );
INSERT INTO VENTES VALUES (541,55,73,60,120.00 );
INSERT INTO VENTES VALUES (620,55,30,10,120.00 );
INSERT INTO VENTES VALUES (682,55,30,4,120.00 );
INSERT INTO VENTES VALUES (743,55,20,65,120.00 );
INSERT INTO VENTES VALUES (748,55,71,40,120.00 );
INSERT INTO VENTES VALUES (770,55,19,35,120.00 );
INSERT INTO VENTES VALUES (817,55,71,4,120.00 );
INSERT INTO VENTES VALUES (822,55,65,2,120.00 );
INSERT INTO VENTES VALUES (15,56,65,2,152.00 );
INSERT INTO VENTES VALUES (48,56,85,4,152.00 );
INSERT INTO VENTES VALUES (54,56,86,20,152.00 );
INSERT INTO VENTES VALUES (82,56,75,12,152.00 );
INSERT INTO VENTES VALUES (99,56,65,20,152.00 );
INSERT INTO VENTES VALUES (122,56,75,18,152.00 );
INSERT INTO VENTES VALUES (137,56,4,20,152.00 );
INSERT INTO VENTES VALUES (153,56,65,70,152.00 );
INSERT INTO VENTES VALUES (184,56,20,30,152.00 );
INSERT INTO VENTES VALUES (187,56,60,28,152.00 );
INSERT INTO VENTES VALUES (189,56,7,40,152.00 );
INSERT INTO VENTES VALUES (218,56,28,30,152.00 );
INSERT INTO VENTES VALUES (225,56,11,20,152.00 );
INSERT INTO VENTES VALUES (246,56,15,30,152.00 );
INSERT INTO VENTES VALUES (248,56,44,14,152.00 );
INSERT INTO VENTES VALUES (266,56,20,70,190.00 );
INSERT INTO VENTES VALUES (272,56,14,40,190.00 );
INSERT INTO VENTES VALUES (280,56,87,30,190.00 );
INSERT INTO VENTES VALUES (309,56,71,40,190.00 );
INSERT INTO VENTES VALUES (324,56,51,60,190.00 );
INSERT INTO VENTES VALUES (348,56,89,5,190.00 );
INSERT INTO VENTES VALUES (368,56,32,14,190.00 );
INSERT INTO VENTES VALUES (371,56,51,20,190.00 );
INSERT INTO VENTES VALUES (389,56,62,60,190.00 );
INSERT INTO VENTES VALUES (407,56,71,45,190.00 );
INSERT INTO VENTES VALUES (413,56,28,12,190.00 );
INSERT INTO VENTES VALUES (442,56,34,20,190.00 );
INSERT INTO VENTES VALUES (461,56,37,30,190.00 );
INSERT INTO VENTES VALUES (462,56,71,18,190.00 );
INSERT INTO VENTES VALUES (481,56,66,10,190.00 );
INSERT INTO VENTES VALUES (491,56,89,14,190.00 );
INSERT INTO VENTES VALUES (498,56,71,28,190.00 );
INSERT INTO VENTES VALUES (498,56,38,15,190.00 );
INSERT INTO VENTES VALUES (504,56,9,30,190.00 );
INSERT INTO VENTES VALUES (529,56,87,20,190.00 );
INSERT INTO VENTES VALUES (534,56,31,20,190.00 );
INSERT INTO VENTES VALUES (561,56,55,20,190.00 );
INSERT INTO VENTES VALUES (567,56,65,30,190.00 );
INSERT INTO VENTES VALUES (587,56,55,24,190.00 );
INSERT INTO VENTES VALUES (627,56,45,21,190.00 );
INSERT INTO VENTES VALUES (634,56,50,16,190.00 );
INSERT INTO VENTES VALUES (681,56,10,18,190.00 );
INSERT INTO VENTES VALUES (689,56,14,12,190.00 );
INSERT INTO VENTES VALUES (755,56,48,5,190.00 );
INSERT INTO VENTES VALUES (758,56,14,20,190.00 );
INSERT INTO VENTES VALUES (835,57,84,15,78.00 );
INSERT INTO VENTES VALUES (35,57,69,2,78.00 );
INSERT INTO VENTES VALUES (79,57,8,16,78.00 );
INSERT INTO VENTES VALUES (108,57,4,25,78.00 );
INSERT INTO VENTES VALUES (121,57,20,25,78.00 );
INSERT INTO VENTES VALUES (169,57,87,20,78.00 );
INSERT INTO VENTES VALUES (288,57,3,5,97.50 );
INSERT INTO VENTES VALUES (331,57,11,6,97.50 );
INSERT INTO VENTES VALUES (334,57,6,4,97.50 );
INSERT INTO VENTES VALUES (348,57,59,20,97.50 );
INSERT INTO VENTES VALUES (456,57,4,40,97.50 );
INSERT INTO VENTES VALUES (504,57,9,14,97.50 );
INSERT INTO VENTES VALUES (569,57,46,15,97.50 );
INSERT INTO VENTES VALUES (572,57,7,15,97.50 );
INSERT INTO VENTES VALUES (576,57,20,24,97.50 );
INSERT INTO VENTES VALUES (586,57,67,10,97.50 );
INSERT INTO VENTES VALUES (642,57,64,20,97.50 );
INSERT INTO VENTES VALUES (675,57,68,30,97.50 );
INSERT INTO VENTES VALUES (696,57,71,15,97.50 );
INSERT INTO VENTES VALUES (763,57,47,28,97.50 );
INSERT INTO VENTES VALUES (67,58,65,30,53.00 );
INSERT INTO VENTES VALUES (126,58,37,80,53.00 );
INSERT INTO VENTES VALUES (126,58,91,15,53.00 );
INSERT INTO VENTES VALUES (289,58,68,20,66.25 );
INSERT INTO VENTES VALUES (346,58,55,30,66.25 );
INSERT INTO VENTES VALUES (389,58,87,6,66.25 );
INSERT INTO VENTES VALUES (412,58,37,49,66.25 );
INSERT INTO VENTES VALUES (422,58,25,30,66.25 );
INSERT INTO VENTES VALUES (448,58,47,30,66.25 );
INSERT INTO VENTES VALUES (462,58,71,12,66.25 );
INSERT INTO VENTES VALUES (581,58,63,60,66.25 );
INSERT INTO VENTES VALUES (639,58,89,15,66.25 );
INSERT INTO VENTES VALUES (641,58,62,15,66.25 );
INSERT INTO VENTES VALUES (751,58,1,40,66.25 );
INSERT INTO VENTES VALUES (8,59,68,30,220.00 );
INSERT INTO VENTES VALUES (20,59,25,70,220.00 );
INSERT INTO VENTES VALUES (28,59,49,6,220.00 );
INSERT INTO VENTES VALUES (31,59,5,15,220.00 );
INSERT INTO VENTES VALUES (51,59,37,30,220.00 );
INSERT INTO VENTES VALUES (57,59,80,10,220.00 );
INSERT INTO VENTES VALUES (77,59,71,40,220.00 );
INSERT INTO VENTES VALUES (81,59,28,9,220.00 );
INSERT INTO VENTES VALUES (93,59,73,9,220.00 );
INSERT INTO VENTES VALUES (139,59,70,12,220.00 );
INSERT INTO VENTES VALUES (163,59,10,16,220.00 );
INSERT INTO VENTES VALUES (176,59,31,20,220.00 );
INSERT INTO VENTES VALUES (184,59,20,70,220.00 );
INSERT INTO VENTES VALUES (233,59,65,60,220.00 );
INSERT INTO VENTES VALUES (234,59,23,12,220.00 );
INSERT INTO VENTES VALUES (241,59,25,30,220.00 );
INSERT INTO VENTES VALUES (268,59,53,4,275.00 );
INSERT INTO VENTES VALUES (288,59,3,15,275.00 );
INSERT INTO VENTES VALUES (319,59,37,40,275.00 );
INSERT INTO VENTES VALUES (327,59,52,12,275.00 );
INSERT INTO VENTES VALUES (358,59,51,20,275.00 );
INSERT INTO VENTES VALUES (368,59,32,30,275.00 );
INSERT INTO VENTES VALUES (414,59,48,1,275.00 );
INSERT INTO VENTES VALUES (426,59,7,12,275.00 );
INSERT INTO VENTES VALUES (446,59,63,25,275.00 );
INSERT INTO VENTES VALUES (453,59,37,42,275.00 );
INSERT INTO VENTES VALUES (456,59,55,8,275.00 );
INSERT INTO VENTES VALUES (481,59,66,10,275.00 );
INSERT INTO VENTES VALUES (496,59,63,45,275.00 );
INSERT INTO VENTES VALUES (498,59,38,6,275.00 );
INSERT INTO VENTES VALUES (499,59,87,25,275.00 );
INSERT INTO VENTES VALUES (505,59,71,7,275.00 );
INSERT INTO VENTES VALUES (522,59,44,25,275.00 );
INSERT INTO VENTES VALUES (542,59,88,15,275.00 );
INSERT INTO VENTES VALUES (569,59,46,40,275.00 );
INSERT INTO VENTES VALUES (575,59,1,15,275.00 );
INSERT INTO VENTES VALUES (586,59,67,42,275.00 );
INSERT INTO VENTES VALUES (632,59,50,40,275.00 );
INSERT INTO VENTES VALUES (682,59,11,4,275.00 );
INSERT INTO VENTES VALUES (744,59,83,18,275.00 );
INSERT INTO VENTES VALUES (749,59,90,10,275.00 );
INSERT INTO VENTES VALUES (755,59,20,110,275.00 );
INSERT INTO VENTES VALUES (759,59,71,100,275.00 );
INSERT INTO VENTES VALUES (759,59,89,30,275.00 );
INSERT INTO VENTES VALUES (762,59,17,30,275.00 );
INSERT INTO VENTES VALUES (36,60,46,35,136.00 );
INSERT INTO VENTES VALUES (37,60,44,20,136.00 );
INSERT INTO VENTES VALUES (47,60,65,21,136.00 );
INSERT INTO VENTES VALUES (110,60,46,8,136.00 );
INSERT INTO VENTES VALUES (112,60,72,80,136.00 );
INSERT INTO VENTES VALUES (113,60,63,55,136.00 );
INSERT INTO VENTES VALUES (125,60,62,70,136.00 );
INSERT INTO VENTES VALUES (133,60,37,6,136.00 );
INSERT INTO VENTES VALUES (137,60,5,15,136.00 );
INSERT INTO VENTES VALUES (138,60,75,20,136.00 );
INSERT INTO VENTES VALUES (172,60,68,60,136.00 );
INSERT INTO VENTES VALUES (218,60,28,20,136.00 );
INSERT INTO VENTES VALUES (234,60,67,40,136.00 );
INSERT INTO VENTES VALUES (265,60,21,12,170.00 );
INSERT INTO VENTES VALUES (267,60,63,84,170.00 );
INSERT INTO VENTES VALUES (272,60,14,10,170.00 );
INSERT INTO VENTES VALUES (289,60,44,35,170.00 );
INSERT INTO VENTES VALUES (337,60,87,24,170.00 );
INSERT INTO VENTES VALUES (358,60,51,70,170.00 );
INSERT INTO VENTES VALUES (362,60,91,15,170.00 );
INSERT INTO VENTES VALUES (365,60,71,40,170.00 );
INSERT INTO VENTES VALUES (378,60,2,10,170.00 );
INSERT INTO VENTES VALUES (381,60,5,20,170.00 );
INSERT INTO VENTES VALUES (405,60,25,20,170.00 );
INSERT INTO VENTES VALUES (407,60,71,30,170.00 );
INSERT INTO VENTES VALUES (408,60,63,55,170.00 );
INSERT INTO VENTES VALUES (457,60,31,10,170.00 );
INSERT INTO VENTES VALUES (482,60,62,15,170.00 );
INSERT INTO VENTES VALUES (492,60,10,50,170.00 );
INSERT INTO VENTES VALUES (520,60,4,15,170.00 );
INSERT INTO VENTES VALUES (573,60,38,21,170.00 );
INSERT INTO VENTES VALUES (576,60,20,60,170.00 );
INSERT INTO VENTES VALUES (582,60,71,45,170.00 );
INSERT INTO VENTES VALUES (633,60,20,100,170.00 );
INSERT INTO VENTES VALUES (671,60,69,10,170.00 );
INSERT INTO VENTES VALUES (671,60,10,25,170.00 );
INSERT INTO VENTES VALUES (679,60,63,49,170.00 );
INSERT INTO VENTES VALUES (686,60,47,24,170.00 );
INSERT INTO VENTES VALUES (688,60,28,2,170.00 );
INSERT INTO VENTES VALUES (750,60,30,9,170.00 );
INSERT INTO VENTES VALUES (751,60,25,36,170.00 );
INSERT INTO VENTES VALUES (770,60,19,50,170.00 );
INSERT INTO VENTES VALUES (771,60,6,21,170.00 );
INSERT INTO VENTES VALUES (771,60,67,35,170.00 );
INSERT INTO VENTES VALUES (772,60,27,4,170.00 );
INSERT INTO VENTES VALUES (772,60,32,15,170.00 );
INSERT INTO VENTES VALUES (822,60,65,2,170.00 );
INSERT INTO VENTES VALUES (171,61,63,16,114.00 );
INSERT INTO VENTES VALUES (194,61,71,90,114.00 );
INSERT INTO VENTES VALUES (208,61,87,25,114.00 );
INSERT INTO VENTES VALUES (255,61,89,25,142.50 );
INSERT INTO VENTES VALUES (266,61,86,15,142.50 );
INSERT INTO VENTES VALUES (283,61,59,20,142.50 );
INSERT INTO VENTES VALUES (303,61,30,10,142.50 );
INSERT INTO VENTES VALUES (347,61,20,120,142.50 );
INSERT INTO VENTES VALUES (392,61,73,20,142.50 );
INSERT INTO VENTES VALUES (464,61,64,10,142.50 );
INSERT INTO VENTES VALUES (470,61,51,5,142.50 );
INSERT INTO VENTES VALUES (488,61,45,20,142.50 );
INSERT INTO VENTES VALUES (520,61,83,20,142.50 );
INSERT INTO VENTES VALUES (565,61,84,30,142.50 );
INSERT INTO VENTES VALUES (640,61,91,15,142.50 );
INSERT INTO VENTES VALUES (641,61,90,5,142.50 );
INSERT INTO VENTES VALUES (675,61,38,30,142.50 );
INSERT INTO VENTES VALUES (743,61,20,66,142.50 );
INSERT INTO VENTES VALUES (745,61,91,7,142.50 );
INSERT INTO VENTES VALUES (762,61,55,6,142.50 );
INSERT INTO VENTES VALUES (764,61,15,4,142.50 );
INSERT INTO VENTES VALUES (769,61,34,10,142.50 );
INSERT INTO VENTES VALUES (771,61,6,4,142.50 );
INSERT INTO VENTES VALUES (30,62,52,12,197.00 );
INSERT INTO VENTES VALUES (39,62,63,40,197.00 );
INSERT INTO VENTES VALUES (51,62,37,15,197.00 );
INSERT INTO VENTES VALUES (60,62,48,10,197.00 );
INSERT INTO VENTES VALUES (63,62,77,5,197.00 );
INSERT INTO VENTES VALUES (67,62,65,25,197.00 );
INSERT INTO VENTES VALUES (69,62,65,70,197.00 );
INSERT INTO VENTES VALUES (92,62,51,28,197.00 );
INSERT INTO VENTES VALUES (142,62,10,20,197.00 );
INSERT INTO VENTES VALUES (146,62,36,10,197.00 );
INSERT INTO VENTES VALUES (161,62,23,35,197.00 );
INSERT INTO VENTES VALUES (166,62,41,40,197.00 );
INSERT INTO VENTES VALUES (202,62,7,35,197.00 );
INSERT INTO VENTES VALUES (258,62,51,3,246.50 );
INSERT INTO VENTES VALUES (298,62,84,40,246.50 );
INSERT INTO VENTES VALUES (313,62,25,15,246.50 );
INSERT INTO VENTES VALUES (316,62,66,10,246.50 );
INSERT INTO VENTES VALUES (326,62,82,10,246.50 );
INSERT INTO VENTES VALUES (352,62,11,10,246.50 );
INSERT INTO VENTES VALUES (381,62,71,15,246.50 );
INSERT INTO VENTES VALUES (385,62,20,80,246.50 );
INSERT INTO VENTES VALUES (420,62,26,10,246.50 );
INSERT INTO VENTES VALUES (443,62,63,48,246.50 );
INSERT INTO VENTES VALUES (497,62,14,9,246.50 );
INSERT INTO VENTES VALUES (505,62,71,30,246.50 );
INSERT INTO VENTES VALUES (520,62,83,15,246.50 );
INSERT INTO VENTES VALUES (528,62,52,20,246.50 );
INSERT INTO VENTES VALUES (538,62,38,2,246.50 );
INSERT INTO VENTES VALUES (541,62,73,5,246.50 );
INSERT INTO VENTES VALUES (566,62,32,20,246.50 );
INSERT INTO VENTES VALUES (568,62,82,3,246.50 );
INSERT INTO VENTES VALUES (586,62,65,50,246.50 );
INSERT INTO VENTES VALUES (590,62,89,3,246.50 );
INSERT INTO VENTES VALUES (620,62,30,20,246.50 );
INSERT INTO VENTES VALUES (639,62,89,35,246.50 );
INSERT INTO VENTES VALUES (675,62,9,14,246.50 );
INSERT INTO VENTES VALUES (680,62,71,30,246.50 );
INSERT INTO VENTES VALUES (682,62,10,60,246.50 );
INSERT INTO VENTES VALUES (689,62,14,12,246.50 );
INSERT INTO VENTES VALUES (700,62,65,40,246.50 );
INSERT INTO VENTES VALUES (758,62,10,21,246.50 );
INSERT INTO VENTES VALUES (765,62,91,12,246.50 );
INSERT INTO VENTES VALUES (31,63,5,8,175.50 );
INSERT INTO VENTES VALUES (46,63,80,5,175.50 );
INSERT INTO VENTES VALUES (77,63,71,80,175.50 );
INSERT INTO VENTES VALUES (132,63,61,16,175.50 );
INSERT INTO VENTES VALUES (155,63,20,65,175.50 );
INSERT INTO VENTES VALUES (182,63,37,35,175.50 );
INSERT INTO VENTES VALUES (327,63,52,6,219.50 );
INSERT INTO VENTES VALUES (348,63,89,24,219.50 );
INSERT INTO VENTES VALUES (443,63,11,20,219.50 );
INSERT INTO VENTES VALUES (497,63,59,9,219.50 );
INSERT INTO VENTES VALUES (534,63,23,30,219.50 );
INSERT INTO VENTES VALUES (672,63,83,40,219.50 );
INSERT INTO VENTES VALUES (694,63,75,10,219.50 );
INSERT INTO VENTES VALUES (695,63,20,35,219.50 );
INSERT INTO VENTES VALUES (758,63,14,12,219.50 );
INSERT INTO VENTES VALUES (764,63,14,30,219.50 );
INSERT INTO VENTES VALUES (42,64,11,9,133.00 );
INSERT INTO VENTES VALUES (96,64,44,50,133.00 );
INSERT INTO VENTES VALUES (121,64,20,35,133.00 );
INSERT INTO VENTES VALUES (124,64,14,30,133.00 );
INSERT INTO VENTES VALUES (189,64,7,30,133.00 );
INSERT INTO VENTES VALUES (192,64,51,6,133.00 );
INSERT INTO VENTES VALUES (203,64,63,35,133.00 );
INSERT INTO VENTES VALUES (225,64,9,8,133.00 );
INSERT INTO VENTES VALUES (233,64,65,30,133.00 );
INSERT INTO VENTES VALUES (310,64,44,30,166.25 );
INSERT INTO VENTES VALUES (318,64,51,18,166.25 );
INSERT INTO VENTES VALUES (326,64,82,6,166.25 );
INSERT INTO VENTES VALUES (382,64,30,9,166.25 );
INSERT INTO VENTES VALUES (418,64,86,15,166.25 );
INSERT INTO VENTES VALUES (428,64,32,28,166.25 );
INSERT INTO VENTES VALUES (505,64,71,24,166.25 );
INSERT INTO VENTES VALUES (574,64,41,3,166.25 );
INSERT INTO VENTES VALUES (576,64,20,30,166.25 );
INSERT INTO VENTES VALUES (581,64,63,48,166.25 );
INSERT INTO VENTES VALUES (589,64,25,30,166.25 );
INSERT INTO VENTES VALUES (620,64,30,15,166.25 );
INSERT INTO VENTES VALUES (624,64,9,20,166.25 );
INSERT INTO VENTES VALUES (692,64,20,4,166.25 );
INSERT INTO VENTES VALUES (759,64,71,20,166.25 );
INSERT INTO VENTES VALUES (769,64,59,25,166.25 );
INSERT INTO VENTES VALUES (821,64,20,130,166.25 );
INSERT INTO VENTES VALUES (822,64,65,2,166.25 );
INSERT INTO VENTES VALUES (835,65,34,15,84.00 );
INSERT INTO VENTES VALUES (835,65,84,20,84.00 );
INSERT INTO VENTES VALUES (56,65,30,30,84.00 );
INSERT INTO VENTES VALUES (81,65,28,40,84.00 );
INSERT INTO VENTES VALUES (104,65,20,10,84.00 );
INSERT INTO VENTES VALUES (119,65,83,15,84.00 );
INSERT INTO VENTES VALUES (132,65,61,20,84.00 );
INSERT INTO VENTES VALUES (153,65,65,20,84.00 );
INSERT INTO VENTES VALUES (199,65,67,35,84.00 );
INSERT INTO VENTES VALUES (203,65,63,28,84.00 );
INSERT INTO VENTES VALUES (246,65,41,15,84.00 );
INSERT INTO VENTES VALUES (255,65,37,20,105.25 );
INSERT INTO VENTES VALUES (266,65,20,39,105.25 );
INSERT INTO VENTES VALUES (294,65,34,36,105.25 );
INSERT INTO VENTES VALUES (348,65,59,12,105.25 );
INSERT INTO VENTES VALUES (390,65,47,21,105.25 );
INSERT INTO VENTES VALUES (413,65,28,15,105.25 );
INSERT INTO VENTES VALUES (415,65,68,10,105.25 );
INSERT INTO VENTES VALUES (420,65,26,12,105.25 );
INSERT INTO VENTES VALUES (449,65,20,65,105.25 );
INSERT INTO VENTES VALUES (483,65,9,10,105.25 );
INSERT INTO VENTES VALUES (489,65,37,40,105.25 );
INSERT INTO VENTES VALUES (516,65,63,80,105.25 );
INSERT INTO VENTES VALUES (543,65,84,2,105.25 );
INSERT INTO VENTES VALUES (587,65,55,15,105.25 );
INSERT INTO VENTES VALUES (620,65,30,21,105.25 );
INSERT INTO VENTES VALUES (625,65,90,10,105.25 );
INSERT INTO VENTES VALUES (627,65,45,12,105.25 );
INSERT INTO VENTES VALUES (639,65,34,21,105.25 );
INSERT INTO VENTES VALUES (757,65,19,21,105.25 );
INSERT INTO VENTES VALUES (54,66,49,30,68.00 );
INSERT INTO VENTES VALUES (195,66,20,60,68.00 );
INSERT INTO VENTES VALUES (246,66,41,10,68.00 );
INSERT INTO VENTES VALUES (284,66,19,24,85.00 );
INSERT INTO VENTES VALUES (428,66,3,4,85.00 );
INSERT INTO VENTES VALUES (822,66,65,1,85.00 );
INSERT INTO VENTES VALUES (37,67,44,5,56.00 );
INSERT INTO VENTES VALUES (296,67,48,7,70.00 );
INSERT INTO VENTES VALUES (419,67,25,25,70.00 );
INSERT INTO VENTES VALUES (524,67,78,3,70.00 );
INSERT INTO VENTES VALUES (617,67,4,15,70.00 );
INSERT INTO VENTES VALUES (641,67,30,15,70.00 );
INSERT INTO VENTES VALUES (672,67,41,24,70.00 );
INSERT INTO VENTES VALUES (679,67,49,40,70.00 );
INSERT INTO VENTES VALUES (770,67,12,20,70.00 );
INSERT INTO VENTES VALUES (41,68,66,3,50.00 );
INSERT INTO VENTES VALUES (54,68,49,20,50.00 );
INSERT INTO VENTES VALUES (56,68,30,15,50.00 );
INSERT INTO VENTES VALUES (60,68,48,3,50.00 );
INSERT INTO VENTES VALUES (81,68,28,10,50.00 );
INSERT INTO VENTES VALUES (87,68,84,10,50.00 );
INSERT INTO VENTES VALUES (96,68,44,4,50.00 );
INSERT INTO VENTES VALUES (138,68,75,8,50.00 );
INSERT INTO VENTES VALUES (152,68,83,60,50.00 );
INSERT INTO VENTES VALUES (169,68,73,36,50.00 );
INSERT INTO VENTES VALUES (176,68,51,30,50.00 );
INSERT INTO VENTES VALUES (273,68,12,6,62.50 );
INSERT INTO VENTES VALUES (282,68,50,20,62.50 );
INSERT INTO VENTES VALUES (294,68,63,35,62.50 );
INSERT INTO VENTES VALUES (371,68,51,15,62.50 );
INSERT INTO VENTES VALUES (376,68,67,18,62.50 );
INSERT INTO VENTES VALUES (412,68,48,10,62.50 );
INSERT INTO VENTES VALUES (450,68,71,40,62.50 );
INSERT INTO VENTES VALUES (469,68,71,45,62.50 );
INSERT INTO VENTES VALUES (505,68,75,6,62.50 );
INSERT INTO VENTES VALUES (534,68,23,18,62.50 );
INSERT INTO VENTES VALUES (535,68,91,15,62.50 );
INSERT INTO VENTES VALUES (580,68,80,20,62.50 );
INSERT INTO VENTES VALUES (619,68,72,20,62.50 );
INSERT INTO VENTES VALUES (631,68,30,18,62.50 );
INSERT INTO VENTES VALUES (639,68,34,20,62.50 );
INSERT INTO VENTES VALUES (680,68,71,80,62.50 );
INSERT INTO VENTES VALUES (751,68,69,2,62.50 );
INSERT INTO VENTES VALUES (766,68,10,42,62.50 );
INSERT INTO VENTES VALUES (817,68,71,55,62.50 );
INSERT INTO VENTES VALUES (49,69,46,15,144.00 );
INSERT INTO VENTES VALUES (61,69,2,1,144.00 );
INSERT INTO VENTES VALUES (63,69,18,7,144.00 );
INSERT INTO VENTES VALUES (104,69,41,18,144.00 );
INSERT INTO VENTES VALUES (109,69,86,20,144.00 );
INSERT INTO VENTES VALUES (116,69,19,30,144.00 );
INSERT INTO VENTES VALUES (145,69,59,50,144.00 );
INSERT INTO VENTES VALUES (172,69,68,20,144.00 );
INSERT INTO VENTES VALUES (246,69,41,10,144.00 );
INSERT INTO VENTES VALUES (282,69,50,10,180.00 );
INSERT INTO VENTES VALUES (337,69,87,10,180.00 );
INSERT INTO VENTES VALUES (346,69,44,20,180.00 );
INSERT INTO VENTES VALUES (347,69,20,65,180.00 );
INSERT INTO VENTES VALUES (391,69,86,20,180.00 );
INSERT INTO VENTES VALUES (415,69,20,45,180.00 );
INSERT INTO VENTES VALUES (446,69,89,30,180.00 );
INSERT INTO VENTES VALUES (464,69,25,25,180.00 );
INSERT INTO VENTES VALUES (497,69,14,40,180.00 );
INSERT INTO VENTES VALUES (497,69,59,30,180.00 );
INSERT INTO VENTES VALUES (502,69,53,3,180.00 );
INSERT INTO VENTES VALUES (504,69,9,25,180.00 );
INSERT INTO VENTES VALUES (505,69,75,20,180.00 );
INSERT INTO VENTES VALUES (633,69,71,50,180.00 );
INSERT INTO VENTES VALUES (688,69,63,9,180.00 );
INSERT INTO VENTES VALUES (689,69,74,10,180.00 );
INSERT INTO VENTES VALUES (756,69,34,30,180.00 );
INSERT INTO VENTES VALUES (759,69,68,36,180.00 );
INSERT INTO VENTES VALUES (18,70,7,20,60.00 );
INSERT INTO VENTES VALUES (52,70,67,20,60.00 );
INSERT INTO VENTES VALUES (61,70,2,5,60.00 );
INSERT INTO VENTES VALUES (68,70,38,30,60.00 );
INSERT INTO VENTES VALUES (133,70,37,30,60.00 );
INSERT INTO VENTES VALUES (142,70,10,30,60.00 );
INSERT INTO VENTES VALUES (173,70,88,8,60.00 );
INSERT INTO VENTES VALUES (205,70,4,25,60.00 );
INSERT INTO VENTES VALUES (239,70,47,60,60.00 );
INSERT INTO VENTES VALUES (268,70,53,6,75.00 );
INSERT INTO VENTES VALUES (290,70,11,7,75.00 );
INSERT INTO VENTES VALUES (368,70,32,15,75.00 );
INSERT INTO VENTES VALUES (375,70,38,20,75.00 );
INSERT INTO VENTES VALUES (391,70,86,15,75.00 );
INSERT INTO VENTES VALUES (408,70,62,40,75.00 );
INSERT INTO VENTES VALUES (446,70,63,50,75.00 );
INSERT INTO VENTES VALUES (448,70,47,30,75.00 );
INSERT INTO VENTES VALUES (449,70,20,8,75.00 );
INSERT INTO VENTES VALUES (456,70,4,28,75.00 );
INSERT INTO VENTES VALUES (506,70,68,40,75.00 );
INSERT INTO VENTES VALUES (528,70,46,35,75.00 );
INSERT INTO VENTES VALUES (561,70,42,5,75.00 );
INSERT INTO VENTES VALUES (568,70,82,6,75.00 );
INSERT INTO VENTES VALUES (580,70,80,12,75.00 );
INSERT INTO VENTES VALUES (583,70,84,30,75.00 );
INSERT INTO VENTES VALUES (589,70,40,4,75.00 );
INSERT INTO VENTES VALUES (635,70,88,3,75.00 );
INSERT INTO VENTES VALUES (743,70,63,20,75.00 );
INSERT INTO VENTES VALUES (755,70,20,30,75.00 );
INSERT INTO VENTES VALUES (763,70,30,4,75.00 );
INSERT INTO VENTES VALUES (771,70,53,3,75.00 );
INSERT INTO VENTES VALUES (772,70,66,12,75.00 );
INSERT INTO VENTES VALUES (1,72,85,5,174.00 );
INSERT INTO VENTES VALUES (21,72,33,4,139.00 );
INSERT INTO VENTES VALUES (22,72,89,20,139.00 );
INSERT INTO VENTES VALUES (25,72,65,24,139.00 );
INSERT INTO VENTES VALUES (27,72,85,7,139.00 );
INSERT INTO VENTES VALUES (36,72,46,3,139.00 );
INSERT INTO VENTES VALUES (50,72,7,20,139.00 );
INSERT INTO VENTES VALUES (83,72,46,25,139.00 );
INSERT INTO VENTES VALUES (90,72,25,25,139.00 );
INSERT INTO VENTES VALUES (125,72,62,42,139.00 );
INSERT INTO VENTES VALUES (144,72,20,24,139.00 );
INSERT INTO VENTES VALUES (149,72,25,21,139.00 );
INSERT INTO VENTES VALUES (188,72,16,10,139.00 );
INSERT INTO VENTES VALUES (211,72,84,40,139.00 );
INSERT INTO VENTES VALUES (248,72,44,25,139.00 );
INSERT INTO VENTES VALUES (281,72,32,9,174.00 );
INSERT INTO VENTES VALUES (289,72,68,21,174.00 );
INSERT INTO VENTES VALUES (290,72,11,1,174.00 );
INSERT INTO VENTES VALUES (310,72,73,24,174.00 );
INSERT INTO VENTES VALUES (327,72,52,30,174.00 );
INSERT INTO VENTES VALUES (359,72,71,12,174.00 );
INSERT INTO VENTES VALUES (390,72,47,60,174.00 );
INSERT INTO VENTES VALUES (398,72,50,15,174.00 );
INSERT INTO VENTES VALUES (492,72,10,35,174.00 );
INSERT INTO VENTES VALUES (496,72,63,7,174.00 );
INSERT INTO VENTES VALUES (530,72,49,30,174.00 );
INSERT INTO VENTES VALUES (538,72,38,10,174.00 );
INSERT INTO VENTES VALUES (562,72,66,40,174.00 );
INSERT INTO VENTES VALUES (673,72,2,10,174.00 );
INSERT INTO VENTES VALUES (675,72,9,16,174.00 );
INSERT INTO VENTES VALUES (680,72,71,50,174.00 );
INSERT INTO VENTES VALUES (700,72,19,20,174.00 );
INSERT INTO VENTES VALUES (743,72,77,2,174.00 );
INSERT INTO VENTES VALUES (756,72,63,35,174.00 );
INSERT INTO VENTES VALUES (7,74,14,21,40.00 );
INSERT INTO VENTES VALUES (16,74,20,36,40.00 );
INSERT INTO VENTES VALUES (124,74,14,20,40.00 );
INSERT INTO VENTES VALUES (133,74,46,14,40.00 );
INSERT INTO VENTES VALUES (135,74,20,50,40.00 );
INSERT INTO VENTES VALUES (171,74,63,15,40.00 );
INSERT INTO VENTES VALUES (192,74,51,30,40.00 );
INSERT INTO VENTES VALUES (503,74,27,5,50.00 );
INSERT INTO VENTES VALUES (529,74,87,35,50.00 );
INSERT INTO VENTES VALUES (543,74,84,15,50.00 );
INSERT INTO VENTES VALUES (745,74,91,20,50.00 );

COMMIT;

-- Donnez la moyenne des ventes par année, région, catégorie; par année, région et par année, pour les années 2009 et 2010

--slice(annee=2009 ou annee = 2010, Temps)
SELECT annee, cl_r, category, AVG(qte * pu) as CA_MOYEN
FROM VENTES 
natural join temps
natural join produits
natural join clients
where annee = 2009 or annee = 2010 
group by rollup( annee , cl_r, category);

-- Donnez la moyenne des ventes par année, selon les dimensions région et catégorie pour les années 2009 et 2010

SELECT annee, cl_r, category, AVG(qte * pu) as CA_MOYEN
FROM VENTES 
natural join temps
natural join produits
natural join clients
where annee = 2009 or annee = 2010 
group by cube (annee, cl_r, category);


-- Quel est le produit  qui fait le plus grand CA par année et par catégorie (cf. RANK) ?

select annee, category, pname from (
select annee, category, pname, rank() over (partition by annee, category order by Sum(qte*pu) desc) as rang 
from ventes
natural join temps
natural join produits
group by annee, category, pname
) tmp
where tmp.rang=1;

--Pour chaque année, donner le total des ventes ainsi que le total des ventes par catégorie. On ne veut pas le résultat pour le total des années (utiliser la fonction GROUPING_ID)

select annee, category, sum(qte*pu)
from ventes
natural join temps
natural join produits
group by cube(annee, category)
having grouping_id(annee)< 1;

-- Quel est le meilleur mois de vente du produit "Sirop d érable" pour chacune des années ?

select annee, mois, CA_TOTAL from (select annee, mois, sum(qte*pu) as CA_TOTAL, rank() over (partition by annee order by Sum(qte*pu) desc) as rang
from ventes
natural join temps
natural join produits
where pname = 'Sirop d érable'
group by annee, mois) tmp
where tmp.rang = 1;


-- Donnez tous les totaux de ventes par année selon la dimension catégorie, ainsi que selon la dimension cl_name (nom du client). Utilisez la commande GROUPING_SETS

select annee, cl_name, category,  sum(qte*pu)
from ventes
natural join temps
natural join produits
natural join clients
group by annee, grouping sets(category, cl_name);

-- Quelle est la répartition par tiers des catégories selon leurs quantités totales vendues en 2010 ?
select category, SUM(qte) as QTE_VENDU_2010, NTILE(3) OVER(ORDER BY SUM(qte) DESC) as TIERS
from ventes
natural join temps
natural join produits
where annee = 2010
group by category;

-- Quelle est la quantité de produits vendus pour chaque catégorie, les 5 premiers jours de chaque mois de 2010 ?
-- On peut imaginer plusieurs solutions, selon que l’on interprète «les 5 premiers jours de chaque mois» par «un jour compris entre 1 et 5» ou «les 5 premiers jours de vente».

select category, mois, sum(qte) as qte_vendue
from ventes
natural join temps
natural join produits
where annee =2010
and jour <=5
group by category, annee, mois
order by category, mois;















